#
# TABLE STRUCTURE FOR: cities
#

DROP TABLE IF EXISTS `cities`;

CREATE TABLE `cities` (
  `id` int(10) unsigned NOT NULL AUTO_INCREMENT COMMENT 'Идентификатор строки',
  `name` varchar(100) COLLATE utf8_unicode_ci NOT NULL COMMENT 'Название города',
  `created_at` datetime DEFAULT current_timestamp() COMMENT 'Время создания строки',
  `updated_at` datetime DEFAULT current_timestamp() ON UPDATE current_timestamp() COMMENT 'Время обновления строки',
  PRIMARY KEY (`id`)
) ENGINE=InnoDB AUTO_INCREMENT=101 DEFAULT CHARSET=utf8 COLLATE=utf8_unicode_ci COMMENT='Города';

INSERT INTO `cities` (`id`, `name`, `created_at`, `updated_at`) VALUES (1, 'Kubshire', '2001-06-02 02:10:45', '2003-08-22 14:03:18');
INSERT INTO `cities` (`id`, `name`, `created_at`, `updated_at`) VALUES (2, 'North Brauliomouth', '2001-02-15 16:30:31', '2003-05-24 19:22:54');
INSERT INTO `cities` (`id`, `name`, `created_at`, `updated_at`) VALUES (3, 'Schmittport', '2001-10-27 05:47:43', '2003-09-07 03:43:00');
INSERT INTO `cities` (`id`, `name`, `created_at`, `updated_at`) VALUES (4, 'Hudsonville', '2001-10-26 18:01:21', '2003-01-24 00:09:47');
INSERT INTO `cities` (`id`, `name`, `created_at`, `updated_at`) VALUES (5, 'Parisianstad', '2001-08-15 23:19:32', '2003-09-08 12:26:55');
INSERT INTO `cities` (`id`, `name`, `created_at`, `updated_at`) VALUES (6, 'Friesenstad', '2001-07-15 17:48:23', '2003-04-11 20:58:32');
INSERT INTO `cities` (`id`, `name`, `created_at`, `updated_at`) VALUES (7, 'South Ernestineshire', '2001-05-24 11:42:11', '2003-12-20 19:13:53');
INSERT INTO `cities` (`id`, `name`, `created_at`, `updated_at`) VALUES (8, 'Hackettburgh', '2001-04-27 01:37:07', '2003-11-16 21:40:44');
INSERT INTO `cities` (`id`, `name`, `created_at`, `updated_at`) VALUES (9, 'Kianachester', '2001-01-20 21:48:51', '2003-11-19 23:43:10');
INSERT INTO `cities` (`id`, `name`, `created_at`, `updated_at`) VALUES (10, 'Kyleefurt', '2001-02-27 16:47:34', '2003-03-10 22:26:11');
INSERT INTO `cities` (`id`, `name`, `created_at`, `updated_at`) VALUES (11, 'New Arnaldo', '2001-12-24 19:41:52', '2003-10-26 04:22:42');
INSERT INTO `cities` (`id`, `name`, `created_at`, `updated_at`) VALUES (12, 'Lake Jorgechester', '2001-06-10 05:38:12', '2003-05-25 22:06:38');
INSERT INTO `cities` (`id`, `name`, `created_at`, `updated_at`) VALUES (13, 'West Stefanville', '2001-04-23 14:06:50', '2003-09-08 02:18:41');
INSERT INTO `cities` (`id`, `name`, `created_at`, `updated_at`) VALUES (14, 'Abshirebury', '2001-10-03 06:38:08', '2003-05-20 22:55:22');
INSERT INTO `cities` (`id`, `name`, `created_at`, `updated_at`) VALUES (15, 'South Madeline', '2001-10-07 01:52:25', '2003-10-05 15:23:14');
INSERT INTO `cities` (`id`, `name`, `created_at`, `updated_at`) VALUES (16, 'Dooleyborough', '2001-09-10 13:14:31', '2003-08-12 11:25:46');
INSERT INTO `cities` (`id`, `name`, `created_at`, `updated_at`) VALUES (17, 'Lilianmouth', '2001-11-07 07:58:01', '2003-05-11 11:17:00');
INSERT INTO `cities` (`id`, `name`, `created_at`, `updated_at`) VALUES (18, 'Littelport', '2001-10-07 03:04:41', '2003-08-28 12:52:42');
INSERT INTO `cities` (`id`, `name`, `created_at`, `updated_at`) VALUES (19, 'Goodwinfort', '2001-07-13 01:09:39', '2003-07-15 17:20:33');
INSERT INTO `cities` (`id`, `name`, `created_at`, `updated_at`) VALUES (20, 'Russelmouth', '2001-02-05 23:40:43', '2003-03-11 23:40:28');
INSERT INTO `cities` (`id`, `name`, `created_at`, `updated_at`) VALUES (21, 'Port Bernardbury', '2001-03-23 12:35:02', '2003-02-14 12:07:02');
INSERT INTO `cities` (`id`, `name`, `created_at`, `updated_at`) VALUES (22, 'Port Luciousside', '2001-06-13 03:22:56', '2003-05-13 03:30:01');
INSERT INTO `cities` (`id`, `name`, `created_at`, `updated_at`) VALUES (23, 'Framiland', '2001-01-01 11:57:26', '2003-07-19 18:49:13');
INSERT INTO `cities` (`id`, `name`, `created_at`, `updated_at`) VALUES (24, 'Blandaville', '2001-05-06 02:37:57', '2003-03-06 13:19:28');
INSERT INTO `cities` (`id`, `name`, `created_at`, `updated_at`) VALUES (25, 'Rexshire', '2001-07-30 12:23:54', '2003-06-24 02:55:49');
INSERT INTO `cities` (`id`, `name`, `created_at`, `updated_at`) VALUES (26, 'West Jimmymouth', '2001-06-16 14:59:21', '2003-09-26 13:08:05');
INSERT INTO `cities` (`id`, `name`, `created_at`, `updated_at`) VALUES (27, 'Prohaskamouth', '2001-05-18 17:39:08', '2003-05-23 13:47:14');
INSERT INTO `cities` (`id`, `name`, `created_at`, `updated_at`) VALUES (28, 'Port Emilianoport', '2001-11-06 13:56:57', '2003-05-19 05:47:00');
INSERT INTO `cities` (`id`, `name`, `created_at`, `updated_at`) VALUES (29, 'Runtehaven', '2001-05-12 19:41:22', '2003-10-28 11:58:35');
INSERT INTO `cities` (`id`, `name`, `created_at`, `updated_at`) VALUES (30, 'North Santashire', '2001-05-19 21:02:51', '2003-05-25 21:44:25');
INSERT INTO `cities` (`id`, `name`, `created_at`, `updated_at`) VALUES (31, 'Margarettaland', '2001-05-07 17:44:29', '2003-07-02 21:28:56');
INSERT INTO `cities` (`id`, `name`, `created_at`, `updated_at`) VALUES (32, 'Feeneymouth', '2001-05-14 02:19:56', '2003-12-08 04:03:35');
INSERT INTO `cities` (`id`, `name`, `created_at`, `updated_at`) VALUES (33, 'West Jensen', '2001-04-16 22:36:22', '2003-11-19 15:30:51');
INSERT INTO `cities` (`id`, `name`, `created_at`, `updated_at`) VALUES (34, 'Howellburgh', '2001-12-17 10:02:42', '2003-10-23 22:49:15');
INSERT INTO `cities` (`id`, `name`, `created_at`, `updated_at`) VALUES (35, 'Lake Arturo', '2001-11-07 14:23:15', '2003-11-11 15:18:33');
INSERT INTO `cities` (`id`, `name`, `created_at`, `updated_at`) VALUES (36, 'Port Yasmineside', '2001-12-12 18:14:15', '2003-04-29 01:26:14');
INSERT INTO `cities` (`id`, `name`, `created_at`, `updated_at`) VALUES (37, 'Reannaland', '2001-09-18 12:34:07', '2003-01-29 23:22:29');
INSERT INTO `cities` (`id`, `name`, `created_at`, `updated_at`) VALUES (38, 'Port Joaquinburgh', '2001-02-06 02:26:48', '2003-06-02 18:03:42');
INSERT INTO `cities` (`id`, `name`, `created_at`, `updated_at`) VALUES (39, 'Hegmannborough', '2001-10-22 12:08:38', '2003-11-13 10:03:24');
INSERT INTO `cities` (`id`, `name`, `created_at`, `updated_at`) VALUES (40, 'Vanbury', '2001-11-05 18:40:07', '2003-12-09 10:36:27');
INSERT INTO `cities` (`id`, `name`, `created_at`, `updated_at`) VALUES (41, 'Caroleport', '2001-09-25 01:52:47', '2003-01-09 23:51:40');
INSERT INTO `cities` (`id`, `name`, `created_at`, `updated_at`) VALUES (42, 'New Hilariostad', '2001-08-22 18:32:59', '2003-03-02 00:24:34');
INSERT INTO `cities` (`id`, `name`, `created_at`, `updated_at`) VALUES (43, 'South Amanda', '2001-04-27 01:07:45', '2003-08-01 12:59:37');
INSERT INTO `cities` (`id`, `name`, `created_at`, `updated_at`) VALUES (44, 'West Sadye', '2001-09-22 17:06:38', '2003-10-24 09:02:55');
INSERT INTO `cities` (`id`, `name`, `created_at`, `updated_at`) VALUES (45, 'North Myachester', '2001-08-16 07:58:01', '2003-08-26 15:35:11');
INSERT INTO `cities` (`id`, `name`, `created_at`, `updated_at`) VALUES (46, 'Maximilianhaven', '2001-01-31 14:38:38', '2003-03-26 13:16:38');
INSERT INTO `cities` (`id`, `name`, `created_at`, `updated_at`) VALUES (47, 'Nolanland', '2001-12-25 21:39:44', '2003-11-15 13:11:04');
INSERT INTO `cities` (`id`, `name`, `created_at`, `updated_at`) VALUES (48, 'Evertborough', '2001-04-29 10:35:53', '2003-01-14 00:11:26');
INSERT INTO `cities` (`id`, `name`, `created_at`, `updated_at`) VALUES (49, 'Gerlachstad', '2001-07-13 12:24:38', '2003-04-11 09:37:22');
INSERT INTO `cities` (`id`, `name`, `created_at`, `updated_at`) VALUES (50, 'Kerlukechester', '2001-03-12 07:00:44', '2003-07-25 11:07:21');
INSERT INTO `cities` (`id`, `name`, `created_at`, `updated_at`) VALUES (51, 'Lake Filomena', '2001-09-04 12:53:25', '2003-12-06 18:54:49');
INSERT INTO `cities` (`id`, `name`, `created_at`, `updated_at`) VALUES (52, 'McKenzieview', '2001-05-09 18:34:43', '2003-06-14 03:16:22');
INSERT INTO `cities` (`id`, `name`, `created_at`, `updated_at`) VALUES (53, 'West Maynard', '2001-11-08 11:31:32', '2003-11-22 12:14:47');
INSERT INTO `cities` (`id`, `name`, `created_at`, `updated_at`) VALUES (54, 'New Bettiemouth', '2001-03-10 05:29:35', '2003-08-29 18:02:10');
INSERT INTO `cities` (`id`, `name`, `created_at`, `updated_at`) VALUES (55, 'Port Kearastad', '2001-05-13 02:32:16', '2003-09-27 15:02:02');
INSERT INTO `cities` (`id`, `name`, `created_at`, `updated_at`) VALUES (56, 'Mannfurt', '2001-02-02 02:52:34', '2003-05-06 09:09:31');
INSERT INTO `cities` (`id`, `name`, `created_at`, `updated_at`) VALUES (57, 'West Dustintown', '2001-09-07 13:13:15', '2003-03-14 05:58:08');
INSERT INTO `cities` (`id`, `name`, `created_at`, `updated_at`) VALUES (58, 'East Corine', '2001-08-23 22:22:13', '2003-11-20 18:11:13');
INSERT INTO `cities` (`id`, `name`, `created_at`, `updated_at`) VALUES (59, 'Carloburgh', '2001-03-10 21:40:17', '2003-06-06 18:54:15');
INSERT INTO `cities` (`id`, `name`, `created_at`, `updated_at`) VALUES (60, 'Schroederchester', '2001-12-09 01:49:12', '2003-09-20 03:10:34');
INSERT INTO `cities` (`id`, `name`, `created_at`, `updated_at`) VALUES (61, 'South Domenicoburgh', '2001-09-26 17:53:03', '2003-04-18 07:08:36');
INSERT INTO `cities` (`id`, `name`, `created_at`, `updated_at`) VALUES (62, 'West Kayla', '2001-04-23 12:58:19', '2003-11-23 21:39:33');
INSERT INTO `cities` (`id`, `name`, `created_at`, `updated_at`) VALUES (63, 'Vandervortfort', '2001-09-19 02:32:53', '2003-01-15 20:48:06');
INSERT INTO `cities` (`id`, `name`, `created_at`, `updated_at`) VALUES (64, 'West Caterina', '2001-03-31 05:11:50', '2003-12-01 19:00:33');
INSERT INTO `cities` (`id`, `name`, `created_at`, `updated_at`) VALUES (65, 'South Busterhaven', '2001-03-13 20:44:11', '2003-11-29 18:07:18');
INSERT INTO `cities` (`id`, `name`, `created_at`, `updated_at`) VALUES (66, 'West Darius', '2001-02-28 22:41:38', '2003-02-26 17:01:39');
INSERT INTO `cities` (`id`, `name`, `created_at`, `updated_at`) VALUES (67, 'Tamaramouth', '2001-02-06 13:00:24', '2003-11-03 16:23:17');
INSERT INTO `cities` (`id`, `name`, `created_at`, `updated_at`) VALUES (68, 'North Cordieborough', '2001-02-22 01:36:56', '2003-08-23 16:48:23');
INSERT INTO `cities` (`id`, `name`, `created_at`, `updated_at`) VALUES (69, 'Wittingfurt', '2001-05-09 19:57:08', '2003-01-10 12:41:58');
INSERT INTO `cities` (`id`, `name`, `created_at`, `updated_at`) VALUES (70, 'Tellyview', '2001-08-13 20:26:40', '2003-01-23 15:52:54');
INSERT INTO `cities` (`id`, `name`, `created_at`, `updated_at`) VALUES (71, 'Elliotshire', '2001-01-29 07:50:26', '2003-07-03 23:42:00');
INSERT INTO `cities` (`id`, `name`, `created_at`, `updated_at`) VALUES (72, 'Turcotteside', '2001-05-10 05:09:27', '2003-05-28 20:31:16');
INSERT INTO `cities` (`id`, `name`, `created_at`, `updated_at`) VALUES (73, 'Framiberg', '2001-11-22 10:39:49', '2003-11-28 18:46:06');
INSERT INTO `cities` (`id`, `name`, `created_at`, `updated_at`) VALUES (74, 'Dietrichfurt', '2001-05-22 19:38:12', '2003-02-02 22:58:17');
INSERT INTO `cities` (`id`, `name`, `created_at`, `updated_at`) VALUES (75, 'Rauview', '2001-01-29 16:47:00', '2003-05-30 19:32:40');
INSERT INTO `cities` (`id`, `name`, `created_at`, `updated_at`) VALUES (76, 'Davehaven', '2001-07-13 11:44:41', '2003-10-15 19:03:42');
INSERT INTO `cities` (`id`, `name`, `created_at`, `updated_at`) VALUES (77, 'Christiansenchester', '2001-03-26 18:29:44', '2003-10-29 17:26:12');
INSERT INTO `cities` (`id`, `name`, `created_at`, `updated_at`) VALUES (78, 'South Kali', '2001-11-26 00:21:57', '2003-05-21 06:04:53');
INSERT INTO `cities` (`id`, `name`, `created_at`, `updated_at`) VALUES (79, 'Jamarcusstad', '2001-04-14 22:56:17', '2003-10-28 22:50:57');
INSERT INTO `cities` (`id`, `name`, `created_at`, `updated_at`) VALUES (80, 'Port Elton', '2001-03-23 17:41:48', '2003-03-23 15:19:22');
INSERT INTO `cities` (`id`, `name`, `created_at`, `updated_at`) VALUES (81, 'Keshawnfort', '2001-04-19 09:30:09', '2003-08-01 08:04:26');
INSERT INTO `cities` (`id`, `name`, `created_at`, `updated_at`) VALUES (82, 'Stefanton', '2001-12-28 03:22:29', '2003-04-28 01:49:26');
INSERT INTO `cities` (`id`, `name`, `created_at`, `updated_at`) VALUES (83, 'West Rupertport', '2001-09-29 06:35:27', '2003-12-14 21:07:40');
INSERT INTO `cities` (`id`, `name`, `created_at`, `updated_at`) VALUES (84, 'East Carole', '2001-04-10 20:02:10', '2003-01-06 11:19:11');
INSERT INTO `cities` (`id`, `name`, `created_at`, `updated_at`) VALUES (85, 'Morissetteside', '2001-08-15 03:03:16', '2003-09-15 19:40:12');
INSERT INTO `cities` (`id`, `name`, `created_at`, `updated_at`) VALUES (86, 'South Citlalliton', '2001-08-27 06:43:27', '2003-05-21 07:40:55');
INSERT INTO `cities` (`id`, `name`, `created_at`, `updated_at`) VALUES (87, 'Adityachester', '2001-02-02 17:09:17', '2003-01-25 22:20:52');
INSERT INTO `cities` (`id`, `name`, `created_at`, `updated_at`) VALUES (88, 'Trompstad', '2001-11-14 20:01:03', '2003-12-25 18:43:30');
INSERT INTO `cities` (`id`, `name`, `created_at`, `updated_at`) VALUES (89, 'Christiansenbury', '2001-07-26 07:46:02', '2003-05-31 17:40:01');
INSERT INTO `cities` (`id`, `name`, `created_at`, `updated_at`) VALUES (90, 'West Casey', '2001-02-10 23:22:10', '2003-08-04 05:35:04');
INSERT INTO `cities` (`id`, `name`, `created_at`, `updated_at`) VALUES (91, 'West Carissachester', '2001-04-28 12:41:51', '2003-03-06 06:10:48');
INSERT INTO `cities` (`id`, `name`, `created_at`, `updated_at`) VALUES (92, 'Farrellshire', '2001-01-23 20:44:34', '2003-11-10 13:25:55');
INSERT INTO `cities` (`id`, `name`, `created_at`, `updated_at`) VALUES (93, 'Zolamouth', '2001-07-02 08:04:45', '2003-01-30 22:04:51');
INSERT INTO `cities` (`id`, `name`, `created_at`, `updated_at`) VALUES (94, 'Lake Bridgette', '2001-04-16 23:00:19', '2003-12-07 12:32:29');
INSERT INTO `cities` (`id`, `name`, `created_at`, `updated_at`) VALUES (95, 'New Otha', '2001-11-27 01:18:11', '2003-03-07 12:29:43');
INSERT INTO `cities` (`id`, `name`, `created_at`, `updated_at`) VALUES (96, 'New Royceport', '2001-09-10 02:31:47', '2003-05-12 09:03:16');
INSERT INTO `cities` (`id`, `name`, `created_at`, `updated_at`) VALUES (97, 'West Jan', '2001-06-06 23:15:15', '2003-11-24 03:52:06');
INSERT INTO `cities` (`id`, `name`, `created_at`, `updated_at`) VALUES (98, 'Doraton', '2001-05-06 10:42:59', '2003-07-09 03:20:45');
INSERT INTO `cities` (`id`, `name`, `created_at`, `updated_at`) VALUES (99, 'North Joannefurt', '2001-12-23 09:19:56', '2003-04-20 03:55:12');
INSERT INTO `cities` (`id`, `name`, `created_at`, `updated_at`) VALUES (100, 'Mrazside', '2001-06-27 02:58:48', '2003-07-08 22:57:06');


#
# TABLE STRUCTURE FOR: countries
#

DROP TABLE IF EXISTS `countries`;

CREATE TABLE `countries` (
  `id` int(10) unsigned NOT NULL AUTO_INCREMENT COMMENT 'Идентификатор строки',
  `name` varchar(100) COLLATE utf8_unicode_ci NOT NULL COMMENT 'Название страны',
  `created_at` datetime DEFAULT current_timestamp() COMMENT 'Время создания строки',
  `updated_at` datetime DEFAULT current_timestamp() ON UPDATE current_timestamp() COMMENT 'Время обновления строки',
  PRIMARY KEY (`id`)
) ENGINE=InnoDB AUTO_INCREMENT=101 DEFAULT CHARSET=utf8 COLLATE=utf8_unicode_ci COMMENT='Страны';

INSERT INTO `countries` (`id`, `name`, `created_at`, `updated_at`) VALUES (1, 'Portugal', '2000-01-19 14:21:01', '2001-06-09 03:11:10');
INSERT INTO `countries` (`id`, `name`, `created_at`, `updated_at`) VALUES (2, 'French Southern Territories', '2000-05-23 13:17:48', '2001-07-01 17:20:02');
INSERT INTO `countries` (`id`, `name`, `created_at`, `updated_at`) VALUES (3, 'Norway', '2000-05-04 13:49:49', '2001-11-18 01:01:39');
INSERT INTO `countries` (`id`, `name`, `created_at`, `updated_at`) VALUES (4, 'Heard Island and McDonald Islands', '2000-06-02 14:13:00', '2001-01-13 22:58:07');
INSERT INTO `countries` (`id`, `name`, `created_at`, `updated_at`) VALUES (5, 'Iran', '2000-01-31 02:31:10', '2001-01-08 16:06:25');
INSERT INTO `countries` (`id`, `name`, `created_at`, `updated_at`) VALUES (6, 'Lesotho', '2000-12-22 09:21:16', '2001-12-16 23:23:25');
INSERT INTO `countries` (`id`, `name`, `created_at`, `updated_at`) VALUES (7, 'Palestinian Territory', '2000-03-09 23:53:36', '2001-01-29 10:51:23');
INSERT INTO `countries` (`id`, `name`, `created_at`, `updated_at`) VALUES (8, 'Lao People\'s Democratic Republic', '2000-09-17 03:56:00', '2001-03-10 21:19:48');
INSERT INTO `countries` (`id`, `name`, `created_at`, `updated_at`) VALUES (9, 'Saint Kitts and Nevis', '2000-01-05 03:59:05', '2001-12-02 21:28:18');
INSERT INTO `countries` (`id`, `name`, `created_at`, `updated_at`) VALUES (10, 'Indonesia', '2000-08-27 20:47:37', '2001-10-04 21:49:17');
INSERT INTO `countries` (`id`, `name`, `created_at`, `updated_at`) VALUES (11, 'Belize', '2000-01-09 18:55:38', '2001-04-18 01:54:58');
INSERT INTO `countries` (`id`, `name`, `created_at`, `updated_at`) VALUES (12, 'Cuba', '2000-07-21 22:15:34', '2001-04-16 15:14:23');
INSERT INTO `countries` (`id`, `name`, `created_at`, `updated_at`) VALUES (13, 'Bolivia', '2000-06-30 22:55:05', '2001-06-28 12:52:10');
INSERT INTO `countries` (`id`, `name`, `created_at`, `updated_at`) VALUES (14, 'Liechtenstein', '2000-03-15 17:40:40', '2001-11-08 01:36:10');
INSERT INTO `countries` (`id`, `name`, `created_at`, `updated_at`) VALUES (15, 'Central African Republic', '2000-05-13 16:24:26', '2001-10-14 12:57:38');
INSERT INTO `countries` (`id`, `name`, `created_at`, `updated_at`) VALUES (16, 'Antigua and Barbuda', '2000-12-01 21:53:12', '2001-07-05 13:12:14');
INSERT INTO `countries` (`id`, `name`, `created_at`, `updated_at`) VALUES (17, 'Holy See (Vatican City State)', '2000-01-18 15:15:23', '2001-04-11 05:33:58');
INSERT INTO `countries` (`id`, `name`, `created_at`, `updated_at`) VALUES (18, 'Uzbekistan', '2000-01-30 13:25:33', '2001-10-27 10:27:16');
INSERT INTO `countries` (`id`, `name`, `created_at`, `updated_at`) VALUES (19, 'French Polynesia', '2000-12-27 16:58:48', '2001-10-14 23:47:52');
INSERT INTO `countries` (`id`, `name`, `created_at`, `updated_at`) VALUES (20, 'Barbados', '2000-12-31 03:05:56', '2001-04-04 13:10:10');
INSERT INTO `countries` (`id`, `name`, `created_at`, `updated_at`) VALUES (21, 'Denmark', '2000-07-11 13:44:15', '2001-10-07 19:45:52');
INSERT INTO `countries` (`id`, `name`, `created_at`, `updated_at`) VALUES (22, 'Libyan Arab Jamahiriya', '2000-10-21 03:40:58', '2001-08-21 01:42:12');
INSERT INTO `countries` (`id`, `name`, `created_at`, `updated_at`) VALUES (23, 'Azerbaijan', '2000-02-25 13:32:31', '2001-08-26 22:55:01');
INSERT INTO `countries` (`id`, `name`, `created_at`, `updated_at`) VALUES (24, 'Nepal', '2000-11-07 02:08:29', '2001-02-20 17:59:30');
INSERT INTO `countries` (`id`, `name`, `created_at`, `updated_at`) VALUES (25, 'Finland', '2000-06-16 12:31:54', '2001-09-09 23:01:00');
INSERT INTO `countries` (`id`, `name`, `created_at`, `updated_at`) VALUES (26, 'Moldova', '2000-06-13 14:39:03', '2001-09-13 21:37:44');
INSERT INTO `countries` (`id`, `name`, `created_at`, `updated_at`) VALUES (27, 'Gabon', '2000-06-23 10:53:01', '2001-02-21 21:56:32');
INSERT INTO `countries` (`id`, `name`, `created_at`, `updated_at`) VALUES (28, 'Mexico', '2000-05-26 06:00:54', '2001-09-08 01:22:53');
INSERT INTO `countries` (`id`, `name`, `created_at`, `updated_at`) VALUES (29, 'Vietnam', '2000-05-28 17:36:55', '2001-03-07 17:52:39');
INSERT INTO `countries` (`id`, `name`, `created_at`, `updated_at`) VALUES (30, 'Algeria', '2000-04-26 00:48:25', '2001-12-18 11:24:57');
INSERT INTO `countries` (`id`, `name`, `created_at`, `updated_at`) VALUES (31, 'Saint Helena', '2000-01-19 02:42:29', '2001-10-03 20:32:45');
INSERT INTO `countries` (`id`, `name`, `created_at`, `updated_at`) VALUES (32, 'San Marino', '2000-08-25 13:05:33', '2001-03-29 18:13:59');
INSERT INTO `countries` (`id`, `name`, `created_at`, `updated_at`) VALUES (33, 'United Arab Emirates', '2000-06-11 11:56:04', '2001-03-27 02:22:49');
INSERT INTO `countries` (`id`, `name`, `created_at`, `updated_at`) VALUES (34, 'Reunion', '2000-05-22 10:04:35', '2001-03-05 01:38:02');
INSERT INTO `countries` (`id`, `name`, `created_at`, `updated_at`) VALUES (35, 'Romania', '2000-09-10 04:03:42', '2001-08-22 11:55:51');
INSERT INTO `countries` (`id`, `name`, `created_at`, `updated_at`) VALUES (36, 'Kyrgyz Republic', '2000-10-18 02:31:08', '2001-04-08 03:15:00');
INSERT INTO `countries` (`id`, `name`, `created_at`, `updated_at`) VALUES (37, 'Sao Tome and Principe', '2000-08-28 14:53:42', '2001-05-13 04:58:54');
INSERT INTO `countries` (`id`, `name`, `created_at`, `updated_at`) VALUES (38, 'Japan', '2000-12-03 08:46:55', '2001-12-17 18:54:42');
INSERT INTO `countries` (`id`, `name`, `created_at`, `updated_at`) VALUES (39, 'Sri Lanka', '2000-04-04 10:39:34', '2001-04-25 10:58:59');
INSERT INTO `countries` (`id`, `name`, `created_at`, `updated_at`) VALUES (40, 'Mauritius', '2000-03-03 13:49:59', '2001-01-25 12:38:19');
INSERT INTO `countries` (`id`, `name`, `created_at`, `updated_at`) VALUES (41, 'Honduras', '2000-08-03 08:48:23', '2001-12-11 08:36:47');
INSERT INTO `countries` (`id`, `name`, `created_at`, `updated_at`) VALUES (42, 'Antarctica (the territory South of 60 deg S)', '2000-11-08 04:50:03', '2001-02-01 11:11:02');
INSERT INTO `countries` (`id`, `name`, `created_at`, `updated_at`) VALUES (43, 'Brazil', '2000-11-13 18:06:50', '2001-12-04 09:10:14');
INSERT INTO `countries` (`id`, `name`, `created_at`, `updated_at`) VALUES (44, 'Senegal', '2000-05-16 12:02:11', '2001-08-24 09:22:56');
INSERT INTO `countries` (`id`, `name`, `created_at`, `updated_at`) VALUES (45, 'Bahamas', '2000-07-07 17:06:30', '2001-02-04 09:09:15');
INSERT INTO `countries` (`id`, `name`, `created_at`, `updated_at`) VALUES (46, 'Djibouti', '2000-05-22 04:58:52', '2001-03-17 23:18:22');
INSERT INTO `countries` (`id`, `name`, `created_at`, `updated_at`) VALUES (47, 'Niue', '2000-04-13 16:52:12', '2001-10-25 15:07:37');
INSERT INTO `countries` (`id`, `name`, `created_at`, `updated_at`) VALUES (48, 'Somalia', '2000-10-12 05:02:56', '2001-04-19 17:12:44');
INSERT INTO `countries` (`id`, `name`, `created_at`, `updated_at`) VALUES (49, 'Anguilla', '2000-04-30 22:43:00', '2001-11-22 02:29:34');
INSERT INTO `countries` (`id`, `name`, `created_at`, `updated_at`) VALUES (50, 'South Africa', '2000-05-23 20:30:22', '2001-12-18 09:35:38');
INSERT INTO `countries` (`id`, `name`, `created_at`, `updated_at`) VALUES (51, 'Egypt', '2000-07-06 10:47:48', '2001-03-30 22:59:43');
INSERT INTO `countries` (`id`, `name`, `created_at`, `updated_at`) VALUES (52, 'Guinea-Bissau', '2000-06-27 14:49:50', '2001-03-18 17:06:34');
INSERT INTO `countries` (`id`, `name`, `created_at`, `updated_at`) VALUES (53, 'Belgium', '2000-07-01 05:25:38', '2001-08-17 07:19:50');
INSERT INTO `countries` (`id`, `name`, `created_at`, `updated_at`) VALUES (54, 'Italy', '2000-12-29 00:26:22', '2001-06-25 21:55:23');
INSERT INTO `countries` (`id`, `name`, `created_at`, `updated_at`) VALUES (55, 'Gibraltar', '2000-03-29 14:58:26', '2001-08-06 10:19:45');
INSERT INTO `countries` (`id`, `name`, `created_at`, `updated_at`) VALUES (56, 'Malaysia', '2000-11-11 02:49:43', '2001-10-12 11:13:00');
INSERT INTO `countries` (`id`, `name`, `created_at`, `updated_at`) VALUES (57, 'Colombia', '2000-08-27 15:13:18', '2001-08-29 13:30:13');
INSERT INTO `countries` (`id`, `name`, `created_at`, `updated_at`) VALUES (58, 'Chile', '2000-09-19 17:51:50', '2001-06-03 02:08:15');
INSERT INTO `countries` (`id`, `name`, `created_at`, `updated_at`) VALUES (59, 'Tanzania', '2000-04-26 16:45:51', '2001-01-27 13:43:19');
INSERT INTO `countries` (`id`, `name`, `created_at`, `updated_at`) VALUES (60, 'Liberia', '2000-01-17 06:53:11', '2001-01-20 11:06:00');
INSERT INTO `countries` (`id`, `name`, `created_at`, `updated_at`) VALUES (61, 'Micronesia', '2000-09-11 05:16:25', '2001-04-09 22:31:28');
INSERT INTO `countries` (`id`, `name`, `created_at`, `updated_at`) VALUES (62, 'British Virgin Islands', '2000-02-23 07:03:05', '2001-07-30 22:03:07');
INSERT INTO `countries` (`id`, `name`, `created_at`, `updated_at`) VALUES (63, 'French Guiana', '2000-05-06 07:49:46', '2001-01-31 15:47:27');
INSERT INTO `countries` (`id`, `name`, `created_at`, `updated_at`) VALUES (64, 'Lithuania', '2000-10-30 22:09:12', '2001-01-12 12:30:34');
INSERT INTO `countries` (`id`, `name`, `created_at`, `updated_at`) VALUES (65, 'Serbia', '2000-04-07 22:04:20', '2001-12-19 05:24:34');
INSERT INTO `countries` (`id`, `name`, `created_at`, `updated_at`) VALUES (66, 'Panama', '2000-01-17 16:05:31', '2001-04-13 22:27:13');
INSERT INTO `countries` (`id`, `name`, `created_at`, `updated_at`) VALUES (67, 'Saint Pierre and Miquelon', '2000-11-08 23:19:59', '2001-07-20 22:44:17');
INSERT INTO `countries` (`id`, `name`, `created_at`, `updated_at`) VALUES (68, 'Malta', '2000-05-02 21:10:28', '2001-09-10 22:33:08');
INSERT INTO `countries` (`id`, `name`, `created_at`, `updated_at`) VALUES (69, 'Cote d\'Ivoire', '2000-12-29 04:01:02', '2001-06-10 17:18:37');
INSERT INTO `countries` (`id`, `name`, `created_at`, `updated_at`) VALUES (70, 'Saint Barthelemy', '2000-07-31 09:05:15', '2001-03-27 00:45:44');
INSERT INTO `countries` (`id`, `name`, `created_at`, `updated_at`) VALUES (71, 'Armenia', '2000-10-15 22:53:45', '2001-11-04 05:28:08');
INSERT INTO `countries` (`id`, `name`, `created_at`, `updated_at`) VALUES (72, 'Cyprus', '2000-10-21 16:08:18', '2001-05-09 12:02:29');
INSERT INTO `countries` (`id`, `name`, `created_at`, `updated_at`) VALUES (73, 'Papua New Guinea', '2000-12-05 04:18:14', '2001-02-03 05:27:50');
INSERT INTO `countries` (`id`, `name`, `created_at`, `updated_at`) VALUES (74, 'United States Virgin Islands', '2000-02-24 02:48:48', '2001-09-03 00:19:27');
INSERT INTO `countries` (`id`, `name`, `created_at`, `updated_at`) VALUES (75, 'Belarus', '2000-06-02 12:36:51', '2001-05-26 05:01:10');
INSERT INTO `countries` (`id`, `name`, `created_at`, `updated_at`) VALUES (76, 'Venezuela', '2000-01-18 20:59:01', '2001-10-18 01:30:27');
INSERT INTO `countries` (`id`, `name`, `created_at`, `updated_at`) VALUES (77, 'Congo', '2000-04-28 03:03:11', '2001-01-23 16:12:37');
INSERT INTO `countries` (`id`, `name`, `created_at`, `updated_at`) VALUES (78, 'New Zealand', '2000-05-29 06:06:03', '2001-05-04 19:54:07');
INSERT INTO `countries` (`id`, `name`, `created_at`, `updated_at`) VALUES (79, 'Tuvalu', '2000-12-25 02:05:26', '2001-02-13 06:29:59');
INSERT INTO `countries` (`id`, `name`, `created_at`, `updated_at`) VALUES (80, 'Ethiopia', '2000-11-20 00:59:20', '2001-02-03 05:58:36');
INSERT INTO `countries` (`id`, `name`, `created_at`, `updated_at`) VALUES (81, 'Netherlands', '2000-12-28 10:13:08', '2001-03-06 07:31:37');
INSERT INTO `countries` (`id`, `name`, `created_at`, `updated_at`) VALUES (82, 'Iceland', '2000-05-12 16:31:51', '2001-07-30 15:31:46');
INSERT INTO `countries` (`id`, `name`, `created_at`, `updated_at`) VALUES (83, 'Burundi', '2000-07-04 19:09:55', '2001-07-11 11:36:19');
INSERT INTO `countries` (`id`, `name`, `created_at`, `updated_at`) VALUES (84, 'Australia', '2000-12-30 14:14:54', '2001-09-13 15:19:55');
INSERT INTO `countries` (`id`, `name`, `created_at`, `updated_at`) VALUES (85, 'Israel', '2000-07-28 02:52:04', '2001-10-04 11:30:28');
INSERT INTO `countries` (`id`, `name`, `created_at`, `updated_at`) VALUES (86, 'Thailand', '2000-07-08 06:01:30', '2001-03-30 05:35:58');
INSERT INTO `countries` (`id`, `name`, `created_at`, `updated_at`) VALUES (87, 'Wallis and Futuna', '2000-08-12 10:14:24', '2001-09-25 08:21:36');
INSERT INTO `countries` (`id`, `name`, `created_at`, `updated_at`) VALUES (88, 'Spain', '2000-01-16 10:48:26', '2001-09-08 04:33:08');
INSERT INTO `countries` (`id`, `name`, `created_at`, `updated_at`) VALUES (89, 'Saint Lucia', '2000-03-21 01:37:39', '2001-01-07 01:08:42');
INSERT INTO `countries` (`id`, `name`, `created_at`, `updated_at`) VALUES (90, 'Eritrea', '2000-06-25 03:25:11', '2001-11-18 10:56:04');
INSERT INTO `countries` (`id`, `name`, `created_at`, `updated_at`) VALUES (91, 'Korea', '2000-08-09 10:14:23', '2001-07-16 19:28:22');
INSERT INTO `countries` (`id`, `name`, `created_at`, `updated_at`) VALUES (92, 'Benin', '2000-04-15 12:19:57', '2001-11-15 04:06:12');
INSERT INTO `countries` (`id`, `name`, `created_at`, `updated_at`) VALUES (93, 'Yemen', '2000-09-04 10:46:27', '2001-10-08 05:06:55');
INSERT INTO `countries` (`id`, `name`, `created_at`, `updated_at`) VALUES (94, 'Canada', '2000-09-11 19:06:05', '2001-07-17 19:18:48');
INSERT INTO `countries` (`id`, `name`, `created_at`, `updated_at`) VALUES (95, 'Hong Kong', '2000-05-06 20:55:16', '2001-01-28 20:38:39');
INSERT INTO `countries` (`id`, `name`, `created_at`, `updated_at`) VALUES (96, 'Uruguay', '2000-12-28 13:03:33', '2001-12-18 02:46:48');
INSERT INTO `countries` (`id`, `name`, `created_at`, `updated_at`) VALUES (97, 'Ukraine', '2000-01-20 09:07:48', '2001-10-28 14:45:09');
INSERT INTO `countries` (`id`, `name`, `created_at`, `updated_at`) VALUES (98, 'Marshall Islands', '2000-10-09 16:24:03', '2001-05-23 20:31:26');
INSERT INTO `countries` (`id`, `name`, `created_at`, `updated_at`) VALUES (99, 'Turkmenistan', '2000-09-30 18:32:01', '2001-08-23 12:09:49');
INSERT INTO `countries` (`id`, `name`, `created_at`, `updated_at`) VALUES (100, 'Morocco', '2000-02-28 20:09:19', '2001-09-14 17:42:07');


#
# TABLE STRUCTURE FOR: courses
#

DROP TABLE IF EXISTS `courses`;

CREATE TABLE `courses` (
  `id` int(10) unsigned NOT NULL AUTO_INCREMENT COMMENT 'Идентификатор строки',
  `name` varchar(256) COLLATE utf8_unicode_ci NOT NULL COMMENT 'Название курса',
  `short_description` text COLLATE utf8_unicode_ci NOT NULL COMMENT 'краткое описание курса',
  `full_description` text COLLATE utf8_unicode_ci NOT NULL COMMENT 'полное описание курса',
  `type_course_id` int(10) unsigned NOT NULL COMMENT 'ссылка на тип курса',
  PRIMARY KEY (`id`)
) ENGINE=InnoDB AUTO_INCREMENT=101 DEFAULT CHARSET=utf8 COLLATE=utf8_unicode_ci COMMENT='Курсы';

INSERT INTO `courses` (`id`, `name`, `short_description`, `full_description`, `type_course_id`) VALUES (1, 'et', 'Necessitatibus reprehenderit ut nam saepe. Est vel qui architecto ut praesentium. Quia ipsa id ullam commodi ut. Atque et perferendis rem fugiat aut ducimus. Et totam et nobis aut animi laborum esse eius.', 'Facilis id consectetur et molestias autem ipsum sit. Temporibus minus beatae consectetur veniam magnam delectus laborum. Vero aut aliquid est quis quia omnis dolores perferendis.', 1);
INSERT INTO `courses` (`id`, `name`, `short_description`, `full_description`, `type_course_id`) VALUES (2, 'facilis', 'Molestias expedita autem ab autem quis aut numquam. Dolor est ipsam quasi neque maiores culpa. Similique voluptatem qui distinctio vel. Nemo nisi sit est non. Et laboriosam porro itaque qui vero praesentium dignissimos.', 'Consequatur dolor totam est autem numquam. Quo et soluta molestiae quam. Quia est quos vero adipisci sit rem. Ut perspiciatis explicabo explicabo nobis.', 2);
INSERT INTO `courses` (`id`, `name`, `short_description`, `full_description`, `type_course_id`) VALUES (3, 'iste', 'Nemo voluptates enim earum aperiam suscipit exercitationem quis. Qui a incidunt a aut dolores illum qui. Quia ipsam quia veniam quia optio voluptatem. Laudantium culpa magni ducimus in a.', 'Officia ducimus velit et veritatis sed rerum reprehenderit. Assumenda sequi enim et repudiandae saepe quae. Laboriosam voluptas culpa fugiat excepturi.', 3);
INSERT INTO `courses` (`id`, `name`, `short_description`, `full_description`, `type_course_id`) VALUES (4, 'illum', 'Voluptate vel et reiciendis tempore dolorem consequatur nihil. Omnis eos beatae eveniet ut omnis omnis numquam aperiam. Earum nihil aut odio cumque rerum ut architecto. Debitis est culpa qui error dicta esse quam dolorem.', 'Fugiat eius alias voluptatem veritatis. Quia inventore non nulla eos voluptate ea quos. Ipsum et dignissimos et eligendi eos.', 4);
INSERT INTO `courses` (`id`, `name`, `short_description`, `full_description`, `type_course_id`) VALUES (5, 'commodi', 'Autem eos necessitatibus sit maxime saepe iusto. Voluptas sit eos dolorem et aut aliquam iste. Id et doloremque quasi quis.', 'Eos rerum impedit aspernatur quis. Delectus voluptas ut doloribus labore aut perferendis dolores. Earum sit doloremque modi facilis iste hic est reiciendis. Et non quo quis et.', 5);
INSERT INTO `courses` (`id`, `name`, `short_description`, `full_description`, `type_course_id`) VALUES (6, 'rem', 'Deserunt magnam totam qui corporis et. Libero a assumenda quia voluptatem ratione vel rerum perspiciatis. Libero hic ullam et ut eaque natus placeat.', 'Eligendi excepturi dolorum neque vel unde. Dignissimos molestias velit sit. Voluptatem quidem aut in placeat quia at. Et veritatis laboriosam dolorem voluptas. Aut quaerat iure quia quis.', 6);
INSERT INTO `courses` (`id`, `name`, `short_description`, `full_description`, `type_course_id`) VALUES (7, 'similique', 'Molestiae consequatur illo repellat et aperiam omnis. Quas ullam totam quasi soluta modi. Saepe assumenda ratione repudiandae id omnis autem quia libero.', 'Nostrum eos ab reprehenderit. Expedita natus dicta vel aspernatur dolorem nam nulla. Autem tempore sunt eos eum. Iste sequi et harum nulla sapiente perspiciatis harum. Dolorum officiis dolorem laudantium blanditiis eius id ut.', 7);
INSERT INTO `courses` (`id`, `name`, `short_description`, `full_description`, `type_course_id`) VALUES (8, 'labore', 'Aliquid qui deserunt maxime repellendus reiciendis perferendis et. Consequuntur quo aliquam quo aut beatae omnis est. Asperiores nostrum explicabo quo fugiat magnam dignissimos. Eos excepturi et aut officiis praesentium.', 'Culpa nemo est eveniet atque. Expedita natus officia similique cum placeat. Temporibus minima pariatur sed placeat quibusdam.', 8);
INSERT INTO `courses` (`id`, `name`, `short_description`, `full_description`, `type_course_id`) VALUES (9, 'id', 'Dignissimos nam sequi repellat vel rerum. Ea odit qui sit nulla assumenda quia. Dolorum tempore ratione nemo laboriosam.', 'Ut minima qui inventore quia corrupti ut voluptatem voluptas. Doloribus nostrum saepe adipisci. Et recusandae qui molestiae. Ullam nemo et velit omnis quod error sed.', 9);
INSERT INTO `courses` (`id`, `name`, `short_description`, `full_description`, `type_course_id`) VALUES (10, 'quibusdam', 'Voluptates occaecati aut non nihil esse expedita a omnis. Dolor illo fugiat minima vitae aut fuga. Velit temporibus architecto nihil.', 'Ducimus vel perferendis saepe non. Deleniti et assumenda est voluptatum maiores. Nulla hic corrupti ea laborum ea qui cumque. Quia tempora ad voluptates vitae omnis rerum animi.', 10);
INSERT INTO `courses` (`id`, `name`, `short_description`, `full_description`, `type_course_id`) VALUES (11, 'pariatur', 'Dolor recusandae neque sed est harum dolor id. Quia explicabo at ut impedit. Architecto soluta odit iure vitae voluptatum. Recusandae voluptatem totam illum non placeat deserunt.', 'Rerum dolores ducimus maiores adipisci. Eaque sed quas sed ut asperiores commodi laboriosam non. Possimus quibusdam velit eveniet ipsam eveniet molestias vel.', 11);
INSERT INTO `courses` (`id`, `name`, `short_description`, `full_description`, `type_course_id`) VALUES (12, 'voluptatem', 'Delectus tempora qui aut maxime quae nulla. Illo mollitia inventore quis hic eum et. Dolore repellat corrupti consequatur.', 'Voluptatem aut delectus aut officia. Odit eos reprehenderit repellendus tenetur. Eum voluptate et earum sit rerum rerum.', 12);
INSERT INTO `courses` (`id`, `name`, `short_description`, `full_description`, `type_course_id`) VALUES (13, 'ut', 'Quos quisquam repudiandae aspernatur. Voluptatum deserunt consequatur nihil consequatur facilis similique. Deserunt consequatur qui exercitationem ab consequuntur adipisci id.', 'Molestiae vero iste nesciunt fuga asperiores consequatur odit quia. Similique quam sint ut ut quis et. Qui maiores quaerat sit quas dolor temporibus eos. Repellendus labore eligendi error nemo ut quo dignissimos ut.', 13);
INSERT INTO `courses` (`id`, `name`, `short_description`, `full_description`, `type_course_id`) VALUES (14, 'minus', 'Ut et deleniti sint minima quis ipsam ut. Odio molestiae sunt earum ut expedita ut sed. Numquam maxime occaecati soluta debitis velit iste sit et. Necessitatibus voluptas nulla facere.', 'Officia nam officia officia autem eveniet. Eveniet maxime exercitationem odio dolorum enim qui. Rem corporis non sed molestiae debitis. Delectus ut et nam quia.', 14);
INSERT INTO `courses` (`id`, `name`, `short_description`, `full_description`, `type_course_id`) VALUES (15, 'beatae', 'Voluptatem eos ut illum repellat. Est tempore facere rem tenetur molestiae est.', 'Delectus ullam temporibus fuga pariatur. Quia natus quas natus maiores omnis. Magni consequatur voluptas laudantium sunt officiis minus. Tenetur et quia nemo maxime est.', 15);
INSERT INTO `courses` (`id`, `name`, `short_description`, `full_description`, `type_course_id`) VALUES (16, 'expedita', 'Laudantium voluptatem quibusdam sed natus qui. Aut ut dolor voluptas aut ex alias omnis. Voluptatem qui fugiat perspiciatis ab fugiat. Ut et expedita deleniti perferendis facilis molestiae. Et adipisci ut rem tempora.', 'Et quia dolores ab id. Ratione itaque hic ut qui maiores. Blanditiis nisi vitae ut necessitatibus assumenda corrupti velit ad. Quo et accusantium in et sed omnis.', 16);
INSERT INTO `courses` (`id`, `name`, `short_description`, `full_description`, `type_course_id`) VALUES (17, 'exercitationem', 'Hic minima qui ad aut odio qui qui. Suscipit rerum necessitatibus qui. Sed quam sint magni. Asperiores dicta sed illo accusamus magnam.', 'Id similique atque enim impedit. Est aut neque velit autem natus dolor ut minima. Vero sunt earum non molestias corporis assumenda. Voluptatem officia accusamus et perspiciatis velit numquam quia.', 17);
INSERT INTO `courses` (`id`, `name`, `short_description`, `full_description`, `type_course_id`) VALUES (18, 'quia', 'Porro praesentium tempora aut dolore consectetur minima. Temporibus accusantium eum ut et. Ad alias ipsam praesentium et id voluptates.', 'Aut qui voluptates consectetur. Autem et aspernatur et ratione maiores commodi laboriosam. Expedita omnis provident aut rem.', 18);
INSERT INTO `courses` (`id`, `name`, `short_description`, `full_description`, `type_course_id`) VALUES (19, 'molestiae', 'Omnis molestias odio fugit reprehenderit ad. Dignissimos voluptatem voluptas vel similique. Architecto voluptas non labore ut ut.', 'Quasi ducimus id et esse in et omnis unde. Nemo explicabo et quis id natus incidunt. Non ullam repellendus iste quia. Minima et aliquam eos maxime vel velit aliquam. Exercitationem ullam est ducimus voluptas sint ex.', 19);
INSERT INTO `courses` (`id`, `name`, `short_description`, `full_description`, `type_course_id`) VALUES (20, 'distinctio', 'Repellat soluta consectetur distinctio dolorem atque veniam est molestiae. Et distinctio odio laborum tempore temporibus.', 'Ut adipisci sunt velit rerum ullam tempora nulla. Voluptatum quos aut fugit tempora reprehenderit temporibus. Laudantium ratione repellat eos quos. Eum rem tempore repellat culpa ut soluta praesentium distinctio.', 20);
INSERT INTO `courses` (`id`, `name`, `short_description`, `full_description`, `type_course_id`) VALUES (21, 'ullam', 'Consequatur laboriosam quia inventore non laborum. Blanditiis eum laboriosam aperiam at tempore atque.', 'Exercitationem autem explicabo maxime quaerat. Repudiandae culpa maiores cum ea. Laboriosam accusamus expedita explicabo tempora ducimus minus mollitia. Accusamus reiciendis aliquid corporis. Velit eligendi corporis architecto minus inventore fugit.', 1);
INSERT INTO `courses` (`id`, `name`, `short_description`, `full_description`, `type_course_id`) VALUES (22, 'totam', 'Vel error ipsa voluptatem. Saepe eos sapiente nesciunt magnam. Et provident aut nemo vero et quo quam voluptatibus.', 'Quibusdam enim sapiente ut. Quae laudantium cumque error accusantium. Unde possimus repellat earum ut eos quaerat est. Molestiae dolores voluptate accusantium quam. Dolores expedita explicabo quo enim aliquam qui reiciendis.', 2);
INSERT INTO `courses` (`id`, `name`, `short_description`, `full_description`, `type_course_id`) VALUES (23, 'nihil', 'Itaque natus fugiat eum esse. Veniam rerum porro eos tenetur delectus quia. Velit ut dolores voluptatem vel qui enim maiores.', 'Vero nihil dolorum iste commodi qui et veritatis. Magni sapiente assumenda reiciendis illo. Aut rem quidem sunt. Cumque pariatur qui est aut ea hic et.', 3);
INSERT INTO `courses` (`id`, `name`, `short_description`, `full_description`, `type_course_id`) VALUES (24, 'autem', 'Cupiditate aut officia eius in. Rerum rerum iusto porro tempora. Sunt debitis est labore aut enim quas. Saepe soluta molestias hic magni at et assumenda.', 'Odio quia in omnis. Eos sed numquam quo recusandae molestiae aut voluptatem. Error possimus fugit eius qui odio ratione quis.', 4);
INSERT INTO `courses` (`id`, `name`, `short_description`, `full_description`, `type_course_id`) VALUES (25, 'error', 'Officia asperiores fugit ad eos architecto. Consequuntur ut consectetur aut aut. Omnis laudantium aut nulla ad voluptates debitis alias aut. Et aut possimus tempora sapiente quasi.', 'Saepe fuga velit est doloribus doloribus repellat. Iusto ipsum voluptatum in et voluptatibus dolores. Quo rem impedit repudiandae quod numquam ratione aut. Sed mollitia est quos esse at quo.', 5);
INSERT INTO `courses` (`id`, `name`, `short_description`, `full_description`, `type_course_id`) VALUES (26, 'suscipit', 'Sequi ea voluptas voluptatem laborum. Distinctio vel aliquid nulla odit impedit delectus.', 'Nihil facilis aut qui iusto voluptatum. Iusto hic voluptatem dicta blanditiis repellat ut sapiente assumenda. Eum reiciendis commodi mollitia reprehenderit molestiae. Sunt est consectetur voluptatem qui excepturi quaerat.', 6);
INSERT INTO `courses` (`id`, `name`, `short_description`, `full_description`, `type_course_id`) VALUES (27, 'sed', 'Atque hic ab corrupti voluptates sequi. Expedita laboriosam tempore vel quam reprehenderit ratione. Odit occaecati nesciunt veniam sit aut nulla laborum. Consequatur ipsa qui molestiae omnis.', 'Consequatur impedit sit fugiat cupiditate similique. Libero consequuntur quae esse aut maiores aliquam. Repellendus molestiae porro neque. Ea vel eos sunt distinctio nobis distinctio. Et eveniet dolorem molestiae aliquid.', 7);
INSERT INTO `courses` (`id`, `name`, `short_description`, `full_description`, `type_course_id`) VALUES (28, 'aspernatur', 'Sapiente ut et ut quas harum. Amet quis molestiae ad error quidem qui deserunt. Iste voluptas aut labore ut.', 'Minus rerum tempore sed neque ex sit perferendis ea. Fugiat qui veritatis aut qui enim. Similique ut consequatur quod temporibus. Deleniti quae vel nostrum nesciunt ipsum.', 8);
INSERT INTO `courses` (`id`, `name`, `short_description`, `full_description`, `type_course_id`) VALUES (29, 'ducimus', 'Ut aut est ducimus quasi eum nisi architecto. Culpa et sequi accusantium veritatis quaerat sequi natus eveniet. Aut delectus voluptates sed et animi vitae.', 'Esse soluta voluptatibus est exercitationem iusto fuga nobis. Voluptatem voluptatem ut officia. Qui nihil aut ab fugit.', 9);
INSERT INTO `courses` (`id`, `name`, `short_description`, `full_description`, `type_course_id`) VALUES (30, 'delectus', 'Aut necessitatibus et veniam vel consequatur tempora harum. Sunt praesentium ut quo consequatur est reiciendis dolor beatae. Animi ut tenetur reiciendis facere voluptas.', 'Sed ad dignissimos magni non. Quod et pariatur minima et eius quod. Tenetur voluptatum deleniti sit voluptatibus facere aperiam nam. Minima ut dolores iure ratione sint.', 10);
INSERT INTO `courses` (`id`, `name`, `short_description`, `full_description`, `type_course_id`) VALUES (31, 'est', 'Enim et reprehenderit explicabo vero. Velit et sunt animi officiis. Distinctio ut iusto non provident sed odit. Voluptatem non dolor aut laboriosam eum nam distinctio.', 'In est iure hic optio earum aperiam. Tempora molestias expedita atque explicabo reiciendis. Cum maiores aspernatur omnis sunt commodi. Ratione natus consequuntur fugiat et dolor.', 11);
INSERT INTO `courses` (`id`, `name`, `short_description`, `full_description`, `type_course_id`) VALUES (32, 'aut', 'Voluptate voluptatibus praesentium qui eos qui ea. Ut debitis pariatur officia. Vero doloribus aut maxime impedit rerum ut.', 'Ut nisi doloremque et consequatur aperiam. Atque labore ut recusandae est ea laudantium. Aut sunt harum consequatur blanditiis consectetur. Aut expedita velit ullam aut deleniti voluptatem quidem exercitationem.', 12);
INSERT INTO `courses` (`id`, `name`, `short_description`, `full_description`, `type_course_id`) VALUES (33, 'aperiam', 'Facere earum debitis delectus nesciunt itaque dolor molestias commodi. Et impedit quaerat sint iste perferendis optio exercitationem. Necessitatibus deleniti beatae ut. Aut voluptatibus repellendus nihil velit quo. Sit error voluptatibus reiciendis et.', 'Qui aperiam ea eligendi aut reprehenderit ut. Sapiente aut veniam id velit sed et. Minus voluptate commodi consequuntur et.', 13);
INSERT INTO `courses` (`id`, `name`, `short_description`, `full_description`, `type_course_id`) VALUES (34, 'quo', 'Libero in et incidunt corrupti repudiandae vitae consequatur. Sed necessitatibus perferendis velit aut ut quo distinctio. Aliquid velit fuga doloribus accusamus adipisci. Officia aut non consectetur mollitia est necessitatibus optio. Magni quae porro maiores quo alias iure quidem magni.', 'Quo soluta corporis iusto harum nostrum tempora. Quis est et aliquam culpa et modi ab. Illo quo iusto iure sed quo.', 14);
INSERT INTO `courses` (`id`, `name`, `short_description`, `full_description`, `type_course_id`) VALUES (35, 'odio', 'Ipsa amet rerum ipsa iusto exercitationem. Minima occaecati deleniti consequatur voluptate eos soluta. Nostrum id impedit quis ex.', 'Id qui et autem sunt voluptatem a. Itaque dolorem aliquid autem. Omnis consequuntur quasi voluptatem modi optio. In magni placeat fuga quis voluptates.', 15);
INSERT INTO `courses` (`id`, `name`, `short_description`, `full_description`, `type_course_id`) VALUES (36, 'quos', 'Rerum et ipsa ut exercitationem fugiat totam enim cumque. Error voluptatem eos aut et impedit inventore in. Natus laborum fugit vero omnis ut ducimus quas. Aliquam minima velit eum a et odio et.', 'Consequatur animi natus reprehenderit velit. Fuga nihil quam eos recusandae minima nihil et sit. Tenetur corrupti deserunt omnis.', 16);
INSERT INTO `courses` (`id`, `name`, `short_description`, `full_description`, `type_course_id`) VALUES (37, 'itaque', 'Ut animi et in ratione labore illo. Officiis eum nihil voluptas assumenda adipisci. Qui et voluptatem qui.', 'Omnis voluptates quia sit dolor ut quisquam culpa dolores. Odit illo architecto et enim. At nemo ut aut omnis. Nisi esse dignissimos natus omnis enim voluptas mollitia.', 17);
INSERT INTO `courses` (`id`, `name`, `short_description`, `full_description`, `type_course_id`) VALUES (38, 'porro', 'In et deleniti aspernatur qui. Doloribus odit dolor non aperiam veritatis cum. Veniam possimus non sed doloremque aliquid. Ipsum et enim sit aut reprehenderit est quia.', 'Earum velit assumenda non ipsa. Sed officiis doloribus dolores et rerum.', 18);
INSERT INTO `courses` (`id`, `name`, `short_description`, `full_description`, `type_course_id`) VALUES (39, 'deleniti', 'Quibusdam ut sed fugit pariatur. Assumenda sequi nostrum omnis recusandae fugit. Voluptatem nobis delectus ut qui cum non eos.', 'Ullam et molestiae distinctio voluptatem fuga tenetur. Sapiente aut eius commodi doloremque omnis eaque velit sunt. Reiciendis consectetur ut minus id incidunt quos sapiente.', 19);
INSERT INTO `courses` (`id`, `name`, `short_description`, `full_description`, `type_course_id`) VALUES (40, 'quasi', 'Voluptas recusandae qui eius odio. Voluptatem tempora nihil voluptatem consequatur architecto et. Est omnis quibusdam voluptatum temporibus vitae.', 'Aut ipsum iure quas quae officia. Impedit ut aut libero officiis omnis reiciendis quos. Qui accusantium aperiam et eius beatae et.', 20);
INSERT INTO `courses` (`id`, `name`, `short_description`, `full_description`, `type_course_id`) VALUES (41, 'eum', 'Aut delectus sit enim quo. Omnis est doloremque qui dolores similique voluptatem voluptatem. Aspernatur saepe aut eum dolorum hic nisi. Itaque ut voluptas doloremque quo.', 'Sed at repellendus facilis sequi quia sit. Laborum cupiditate aperiam facilis qui accusamus molestiae ea. Aliquid eos voluptatibus sed. Maxime porro voluptas porro aliquam harum.', 1);
INSERT INTO `courses` (`id`, `name`, `short_description`, `full_description`, `type_course_id`) VALUES (42, 'repellat', 'Dolores sint cupiditate mollitia et quia doloribus. Quibusdam atque qui nobis accusantium magni exercitationem. Qui iure facere expedita exercitationem corporis quo dolores. Velit eius blanditiis architecto exercitationem aut ut quidem.', 'Voluptatem doloremque saepe consequatur et ducimus eaque. Dolore recusandae quasi et eos sapiente et vitae. Rerum quia id aut sed iure.', 2);
INSERT INTO `courses` (`id`, `name`, `short_description`, `full_description`, `type_course_id`) VALUES (43, 'fugit', 'Enim officiis quia consequatur. Velit omnis dicta ullam.', 'Impedit maxime repellendus veritatis qui. Et labore voluptates nihil est est commodi. Et officiis ipsa iste deserunt. Non aliquam consequuntur sint non rem earum asperiores.', 3);
INSERT INTO `courses` (`id`, `name`, `short_description`, `full_description`, `type_course_id`) VALUES (44, 'necessitatibus', 'Natus harum tenetur aut quasi. Libero autem quos quod id. Illum inventore sed dolor nulla reprehenderit.', 'Quia enim exercitationem facilis quisquam voluptatibus. Fugiat dolorum aut tenetur laudantium accusantium et optio. Labore minima animi numquam animi et magnam vel. Recusandae accusantium nihil commodi consequatur.', 4);
INSERT INTO `courses` (`id`, `name`, `short_description`, `full_description`, `type_course_id`) VALUES (45, 'quidem', 'Corrupti sed aliquam ut. Magnam dolorem aut doloribus qui enim qui. Excepturi voluptas exercitationem error ad quaerat illum. Minima quo vero aut tempore.', 'Quaerat quidem nesciunt eius error delectus aut aliquam. Sed velit odit recusandae consequatur tempore. Et dolore enim velit amet voluptas consequuntur beatae. Nisi ut hic officia error commodi veniam.', 5);
INSERT INTO `courses` (`id`, `name`, `short_description`, `full_description`, `type_course_id`) VALUES (46, 'laudantium', 'Laborum id esse saepe in. Sapiente tempore maiores alias omnis sed culpa at deserunt. Rerum sed sit deleniti.', 'Ut qui vel et aliquam fugiat dicta. Non dolorem non modi perspiciatis expedita. Veritatis facere quod voluptatum velit excepturi et.', 6);
INSERT INTO `courses` (`id`, `name`, `short_description`, `full_description`, `type_course_id`) VALUES (47, 'fuga', 'Repellat quia possimus doloribus. Veritatis inventore provident quam libero maiores aspernatur.', 'Quis est sit similique nobis aliquid consequatur doloribus. Labore culpa veritatis debitis ut ut explicabo.', 7);
INSERT INTO `courses` (`id`, `name`, `short_description`, `full_description`, `type_course_id`) VALUES (48, 'veritatis', 'Vel nemo atque architecto consequatur repudiandae. Exercitationem aliquid magni esse et eius vero. Libero doloremque quo quaerat nesciunt. Quia voluptate est dolores provident laudantium quia repudiandae.', 'Placeat sunt tempora omnis in. Dicta illo delectus sapiente rerum nihil et tempore. Dolor quia eius natus nobis vitae. Repellat voluptatum esse vero. Voluptas in vel aut sed cupiditate commodi.', 8);
INSERT INTO `courses` (`id`, `name`, `short_description`, `full_description`, `type_course_id`) VALUES (49, 'facere', 'Eveniet voluptas placeat aut. Doloremque ipsa ratione consequuntur nesciunt non. Non reprehenderit id veniam laborum et et.', 'Tenetur magni aut sunt maiores quos et. Ipsa perspiciatis eum quia veritatis ex similique. Repellat eos in ut veritatis.', 9);
INSERT INTO `courses` (`id`, `name`, `short_description`, `full_description`, `type_course_id`) VALUES (50, 'quod', 'Reprehenderit laudantium consequatur nesciunt libero corrupti quod. Doloremque aperiam et ab unde. Doloribus quaerat sint qui nemo exercitationem quia. Et assumenda accusantium veritatis veniam aut expedita consequuntur sed.', 'Vero autem sed omnis provident voluptatem. Exercitationem vel aspernatur soluta quos. Porro similique assumenda nemo ad. Et in aperiam ea molestiae iste ipsum et illum.', 10);
INSERT INTO `courses` (`id`, `name`, `short_description`, `full_description`, `type_course_id`) VALUES (51, 'occaecati', 'Magni ut eligendi facilis excepturi dignissimos. Et neque sit aliquid numquam enim totam illo et. Et numquam suscipit quo aut fuga.', 'Quam dolores odio numquam praesentium sunt quibusdam repellendus odio. Numquam iure ratione amet voluptatem consequatur porro. Ipsum nostrum et et. Id aperiam reprehenderit aliquam quidem.', 11);
INSERT INTO `courses` (`id`, `name`, `short_description`, `full_description`, `type_course_id`) VALUES (52, 'officia', 'Natus et dolor quae id. Mollitia ad aut asperiores cumque minus veritatis et provident. Dolores odio ea consequatur voluptas dignissimos voluptas nihil. Aspernatur sed similique quia vero omnis. Sunt nihil quia sit praesentium.', 'Veritatis optio odio velit ea perspiciatis enim. Repudiandae nihil molestiae commodi qui alias odio quia. Praesentium veritatis dolorum eos est labore.', 12);
INSERT INTO `courses` (`id`, `name`, `short_description`, `full_description`, `type_course_id`) VALUES (53, 'omnis', 'Reiciendis dolorem maxime rerum eveniet consectetur. Quod dicta accusantium numquam iure quisquam dolorem. Impedit quia at aut natus cupiditate labore.', 'Et consequatur consequatur veniam dolores voluptates aut quasi eum. Ipsam voluptatem aut rerum aut dolore. Cupiditate aut doloribus non rerum porro.', 13);
INSERT INTO `courses` (`id`, `name`, `short_description`, `full_description`, `type_course_id`) VALUES (54, 'nostrum', 'Est nulla itaque optio labore earum. Molestiae provident eum est est est. Veniam laboriosam architecto quo voluptatem voluptatibus. Aut odit voluptatem nihil quam.', 'Nihil vero nesciunt earum ea non rerum quas. Accusantium alias sit voluptatem in.', 14);
INSERT INTO `courses` (`id`, `name`, `short_description`, `full_description`, `type_course_id`) VALUES (55, 'modi', 'Sed recusandae expedita occaecati ut vero numquam. Possimus tempore sequi accusantium eos adipisci laborum illo iure. Nostrum accusantium rerum sed ipsam. Provident velit et et qui perspiciatis neque.', 'Enim pariatur hic accusantium. Nemo dolorem soluta quia debitis voluptas occaecati voluptas. Est ut voluptatibus voluptas consequuntur est optio. Consectetur doloremque nihil itaque. Quasi deleniti quia totam quo voluptate at nulla.', 15);
INSERT INTO `courses` (`id`, `name`, `short_description`, `full_description`, `type_course_id`) VALUES (56, 'praesentium', 'Non ad est qui modi repellat quos. Dolores enim similique architecto. Voluptas rerum et ea dolores et atque qui. Tempora officiis distinctio id veritatis.', 'Et vero eaque eos minus sed. Ut quidem tenetur nihil tempora. Vel et modi qui autem. Laboriosam unde nihil laboriosam quasi sit nostrum quaerat eius.', 16);
INSERT INTO `courses` (`id`, `name`, `short_description`, `full_description`, `type_course_id`) VALUES (57, 'enim', 'Iusto maxime eum non qui voluptatem. Ipsum neque earum officiis facere id occaecati. Aperiam eveniet nulla quis voluptas qui velit qui.', 'Enim ea voluptates dicta neque quia natus animi omnis. Nisi quibusdam mollitia iusto aliquid possimus minima. Est neque qui labore quidem assumenda blanditiis voluptatibus. Quia soluta ducimus odio animi omnis deserunt.', 17);
INSERT INTO `courses` (`id`, `name`, `short_description`, `full_description`, `type_course_id`) VALUES (58, 'tempore', 'Quis voluptatem voluptas molestiae labore mollitia. Aut qui similique nisi fuga.', 'Voluptatem ratione natus facilis aut. Ut aliquam consequatur sed fugiat repellendus. Sequi sed eius minus non impedit beatae. Facilis dicta omnis voluptas.', 18);
INSERT INTO `courses` (`id`, `name`, `short_description`, `full_description`, `type_course_id`) VALUES (59, 'culpa', 'Voluptatem deleniti rerum non. Hic molestias omnis ut inventore omnis beatae aliquam. Id dolores culpa dolor. Sint tempora dolorum reprehenderit velit nulla consequatur voluptas.', 'Nemo ullam porro numquam et illum sunt debitis. Fugiat excepturi eligendi aut minima. Possimus delectus animi sunt et. Autem voluptates autem ratione qui quia consequuntur aut.', 19);
INSERT INTO `courses` (`id`, `name`, `short_description`, `full_description`, `type_course_id`) VALUES (60, 'officiis', 'Molestiae dolor quidem ratione soluta temporibus beatae harum. Nihil aperiam minus excepturi eos sit. Architecto maxime sunt placeat sunt sunt occaecati. Quia officia et atque error maiores quia.', 'Laudantium sit odit ipsa quia. Non a reiciendis a deleniti reprehenderit. Adipisci minima quo velit excepturi. Voluptas sit et vel dolor reiciendis reiciendis.', 20);
INSERT INTO `courses` (`id`, `name`, `short_description`, `full_description`, `type_course_id`) VALUES (61, 'provident', 'Beatae recusandae ipsam et et laudantium. Aut doloremque perferendis ducimus distinctio. Consequatur rerum occaecati iusto aut ipsam autem. Qui et vel aspernatur fuga.', 'Mollitia optio suscipit consequatur voluptas. Quasi corrupti inventore quae minima. Et molestias veritatis et et magni labore. Ut optio ut numquam.', 1);
INSERT INTO `courses` (`id`, `name`, `short_description`, `full_description`, `type_course_id`) VALUES (62, 'eveniet', 'Voluptatum maxime ducimus minima molestiae. Aut blanditiis excepturi sint eum. Voluptatibus rem vel in quia aliquid.', 'Nulla consequatur repellendus quae. Velit sunt facilis placeat aut. A ratione atque voluptates eos hic voluptatibus porro.', 2);
INSERT INTO `courses` (`id`, `name`, `short_description`, `full_description`, `type_course_id`) VALUES (63, 'perferendis', 'Eligendi dolor explicabo et dolore amet. Corrupti ab et rerum velit commodi dolore animi. Dolore in exercitationem eum est officiis. Ab autem sit et libero voluptas nihil voluptatem a.', 'Quasi quis temporibus quas qui totam. Quibusdam atque ipsum accusamus et enim odio sapiente. Impedit assumenda molestias atque a cum et aut.', 3);
INSERT INTO `courses` (`id`, `name`, `short_description`, `full_description`, `type_course_id`) VALUES (64, 'aliquid', 'Consequatur illo sed dolores. Voluptates sunt sit reiciendis. Possimus magni delectus doloribus vel repellendus. Quia ipsa iste provident earum. Aut non atque odio autem consequatur fugit.', 'Ex consequatur voluptatum assumenda rem. Veritatis sapiente pariatur vel debitis qui.', 4);
INSERT INTO `courses` (`id`, `name`, `short_description`, `full_description`, `type_course_id`) VALUES (65, 'amet', 'Quia nam cupiditate fugit. In et eius et quis alias eum quaerat.', 'Consequatur rerum et sint. Inventore illo dolores nemo sequi voluptas veritatis. Aperiam cupiditate excepturi maxime vitae ipsam. Sit ex soluta et fugiat id consequuntur. Iure aut saepe fugiat consequuntur ut non quo.', 5);
INSERT INTO `courses` (`id`, `name`, `short_description`, `full_description`, `type_course_id`) VALUES (66, 'quis', 'Sint corporis alias odio modi. Doloremque voluptas et dolor sit reprehenderit quod. Cupiditate ratione debitis animi.', 'Ea placeat id fugit necessitatibus pariatur maiores. Et quam nihil est cum velit sint vitae. Molestias assumenda assumenda ex aut voluptas cupiditate esse. Dicta quia omnis voluptatem beatae voluptatibus.', 6);
INSERT INTO `courses` (`id`, `name`, `short_description`, `full_description`, `type_course_id`) VALUES (67, 'blanditiis', 'Illo possimus esse esse amet cumque non. Nam modi deserunt eius assumenda. Recusandae fugiat quibusdam facere quisquam.', 'Veritatis neque sequi voluptas harum odit aspernatur. Dolore mollitia omnis fugiat magnam vel fugiat. Aspernatur et voluptas molestiae quis est et.', 7);
INSERT INTO `courses` (`id`, `name`, `short_description`, `full_description`, `type_course_id`) VALUES (68, 'possimus', 'Alias reprehenderit eum ut iure. Ut aut ab error in asperiores. Sed ut ex soluta rerum aut.', 'Omnis ut aut modi earum repudiandae aliquam qui. Dolores a dolorem cumque inventore qui in minus. Fugit illo velit tempora dolore quam.', 8);
INSERT INTO `courses` (`id`, `name`, `short_description`, `full_description`, `type_course_id`) VALUES (69, 'ratione', 'Voluptatem non voluptatum ut debitis sapiente. Voluptate ut aut accusamus in inventore voluptate.', 'Nihil maiores et voluptatem officiis magnam. Accusamus suscipit aut recusandae sit. Saepe occaecati sit soluta magnam sed error magni. Quis et aut enim cum aliquid autem. Beatae dicta fuga unde ut exercitationem qui quam.', 9);
INSERT INTO `courses` (`id`, `name`, `short_description`, `full_description`, `type_course_id`) VALUES (70, 'animi', 'Est atque quibusdam tempore aut rerum repudiandae. Magni aut fugiat ipsam odio. Consectetur voluptatum aspernatur temporibus neque.', 'Illo molestiae sapiente qui. Voluptas qui delectus cumque aut. Id eos reprehenderit ut enim quis. Quos dolorum sit placeat tempore et non.', 10);
INSERT INTO `courses` (`id`, `name`, `short_description`, `full_description`, `type_course_id`) VALUES (71, 'perspiciatis', 'Cumque assumenda non voluptas qui id. Error illo illum eum id rem voluptatem. Nostrum sit aut placeat ut vel eligendi. Magnam et sit libero pariatur sint dolor quo neque. Vero qui dolores voluptas rem.', 'Eveniet optio eligendi maxime eligendi. Ab odit deserunt quasi. Voluptas amet hic eum quaerat officiis cumque.', 11);
INSERT INTO `courses` (`id`, `name`, `short_description`, `full_description`, `type_course_id`) VALUES (72, 'quaerat', 'Eos aperiam ipsum consequatur modi tempora cum. Distinctio repellendus magnam ut facilis velit facere. Consequatur tenetur autem velit voluptatum.', 'Nihil earum ut aliquam ipsam fugiat assumenda quibusdam aut. Occaecati repellat rerum in. Et fuga aut dicta iste corporis.', 12);
INSERT INTO `courses` (`id`, `name`, `short_description`, `full_description`, `type_course_id`) VALUES (73, 'nulla', 'Quos quam dolore repellendus aut sint porro hic. Id aut ut tenetur ut. Eos voluptates culpa nisi qui optio error.', 'Aspernatur et mollitia similique temporibus unde nisi voluptas. Repudiandae aperiam ducimus sint deleniti iusto culpa sed.', 13);
INSERT INTO `courses` (`id`, `name`, `short_description`, `full_description`, `type_course_id`) VALUES (74, 'voluptatum', 'Veritatis quaerat doloribus ullam cumque. Vero vitae veritatis enim asperiores. Ipsum sint architecto doloremque nemo id ut. Optio labore officiis eum labore non.', 'Est qui sit non fuga. Dolor labore mollitia quia id libero porro. Quia quidem tempora excepturi dignissimos deleniti ullam et tenetur. Et quis voluptates deserunt et. Magni odio non praesentium eius soluta.', 14);
INSERT INTO `courses` (`id`, `name`, `short_description`, `full_description`, `type_course_id`) VALUES (75, 'debitis', 'Numquam est sint quaerat quam necessitatibus molestiae repellendus. Non quibusdam ea aut omnis numquam incidunt nulla quis. Quisquam nulla non nobis minima.', 'Eos unde dolor similique molestias debitis. Atque ut sed molestiae distinctio quo cupiditate non beatae. Architecto debitis quaerat totam vero cupiditate. Veniam impedit tenetur eum et id soluta unde.', 15);
INSERT INTO `courses` (`id`, `name`, `short_description`, `full_description`, `type_course_id`) VALUES (76, 'accusantium', 'Culpa ut consequatur sint est ex ducimus. Ex consectetur aliquid neque qui deserunt. Voluptate quidem mollitia officia aut molestiae.', 'Ducimus fugiat consequatur nobis voluptas quia vero. Dolores optio quaerat et. Cum soluta sed nihil et nemo amet.', 16);
INSERT INTO `courses` (`id`, `name`, `short_description`, `full_description`, `type_course_id`) VALUES (77, 'ea', 'Cum illum ad tenetur doloremque sed. Nihil modi sit ducimus doloribus. Voluptates mollitia dolorem repudiandae ipsam quo. Debitis rerum ullam velit inventore et in dolor.', 'Ut dolores accusantium esse accusantium voluptatem qui repellendus. Quia sunt itaque quia corrupti temporibus id amet. Voluptate possimus sit qui consectetur. Illum sunt sit aut nihil vitae ut optio.', 17);
INSERT INTO `courses` (`id`, `name`, `short_description`, `full_description`, `type_course_id`) VALUES (78, 'non', 'Blanditiis odio consequatur est. Quo ut aut nemo deleniti eaque. Autem aperiam vel voluptatem molestiae cumque tempore et. Animi nobis vel ipsa qui.', 'Non esse alias tenetur voluptas dolorem omnis ut. Quae est dolorem esse sint. Amet incidunt non minus architecto est aut molestiae quia.', 18);
INSERT INTO `courses` (`id`, `name`, `short_description`, `full_description`, `type_course_id`) VALUES (79, 'numquam', 'Voluptatem dolorem vero veniam animi maiores. Voluptatem quod veniam consequatur quis corrupti nemo et quo. Non maxime id asperiores et corporis voluptates aliquid. Accusamus tempora numquam quisquam repudiandae aut.', 'Asperiores molestiae praesentium cum quia et repellat et. Itaque mollitia quidem perferendis doloribus. Perspiciatis quia minus illum consequatur sint nesciunt voluptate perspiciatis. Pariatur porro culpa ullam consequatur.', 19);
INSERT INTO `courses` (`id`, `name`, `short_description`, `full_description`, `type_course_id`) VALUES (80, 'eaque', 'Rerum illo nisi in quia omnis. Minus enim laudantium alias beatae corporis quia. Rerum placeat illo dicta quia. Debitis consequatur sint dolor soluta.', 'Qui aspernatur quisquam sequi. Quo laboriosam laborum qui dolor enim aut saepe. Unde et possimus incidunt voluptatem qui iste et. Et incidunt error voluptate fuga nihil.', 20);
INSERT INTO `courses` (`id`, `name`, `short_description`, `full_description`, `type_course_id`) VALUES (81, 'voluptas', 'Quas tenetur ducimus animi quam quia blanditiis. Consequatur ducimus magni facilis inventore quas qui. Ut et ipsa eos non eum adipisci inventore.', 'Est minus consequatur repellendus quo. Delectus numquam quam magni. Et distinctio eos qui officia accusantium maiores. Harum et aut voluptas nemo molestiae.', 1);
INSERT INTO `courses` (`id`, `name`, `short_description`, `full_description`, `type_course_id`) VALUES (82, 'vitae', 'Eaque quaerat officia quia repellat culpa. Ut quaerat omnis ea totam ut harum. Est voluptates et magni ut ut eos explicabo aut.', 'Adipisci ullam fuga perspiciatis eum consequatur sint eos. Assumenda fugit reiciendis quaerat aut veniam eum repellat. Praesentium cumque at aperiam non ducimus et. Eum tenetur ut similique laudantium quibusdam nemo et.', 2);
INSERT INTO `courses` (`id`, `name`, `short_description`, `full_description`, `type_course_id`) VALUES (83, 'laborum', 'Beatae ut unde voluptas illum ut. Qui odio sunt voluptate qui. Soluta nulla inventore quia dolores quo error asperiores quam.', 'Voluptates similique rem voluptatem fugiat enim qui consequuntur. Voluptatem consequatur aut aut cupiditate sit. Odit natus odio animi vitae vel ut adipisci delectus. Impedit ut sint nobis inventore doloribus.', 3);
INSERT INTO `courses` (`id`, `name`, `short_description`, `full_description`, `type_course_id`) VALUES (84, 'fugiat', 'Sint occaecati ad eum quia nam non eius aut. Voluptatum quia et possimus quae perferendis eligendi sit. Eos vel et sit necessitatibus accusantium recusandae. Sed rerum officiis excepturi mollitia eaque voluptas.', 'Officia voluptas ipsa enim in quod aut. Modi qui id aut exercitationem fuga. Eaque quis quia neque mollitia quidem culpa pariatur. Vero sequi earum ut cum accusantium velit.', 4);
INSERT INTO `courses` (`id`, `name`, `short_description`, `full_description`, `type_course_id`) VALUES (85, 'architecto', 'Earum exercitationem ex adipisci voluptate labore facere quia. Animi voluptate voluptatibus omnis molestias. Esse ipsum odit corrupti vitae aut explicabo aperiam. Non suscipit minima placeat eaque aliquam. Unde non et ipsam.', 'Animi ipsum libero provident laboriosam excepturi. Culpa suscipit neque atque repudiandae et nobis. Nemo laboriosam perferendis qui error sunt eos.', 5);
INSERT INTO `courses` (`id`, `name`, `short_description`, `full_description`, `type_course_id`) VALUES (86, 'doloremque', 'Dignissimos dolorem praesentium aut sit. Animi neque accusantium dolor omnis incidunt reprehenderit in. Officiis provident repellat iure est. Qui inventore beatae ratione laboriosam eos culpa.', 'Error enim rerum libero non. Voluptate eos excepturi fuga ea adipisci beatae aliquid. Vel voluptatem deserunt eos porro est. Rerum voluptatem unde dolorem maiores consequuntur. Sunt delectus odio rerum velit ab aperiam.', 6);
INSERT INTO `courses` (`id`, `name`, `short_description`, `full_description`, `type_course_id`) VALUES (87, 'hic', 'Aut dolorum nihil sint voluptatem. Sequi dolorem rerum consequatur exercitationem. Nobis magni voluptatum rerum est quaerat praesentium alias. Consequatur totam voluptates ad sed ullam deserunt. Consequatur similique laudantium dolor voluptatem officiis asperiores impedit.', 'Esse perspiciatis vel in qui tempore. Rerum provident qui qui dolor sequi iusto et. Expedita amet voluptas modi voluptatibus. Accusantium ut atque quis et.', 7);
INSERT INTO `courses` (`id`, `name`, `short_description`, `full_description`, `type_course_id`) VALUES (88, 'laboriosam', 'Sint rerum officiis rem est. Consequatur dolore iste consequatur ratione. Maxime repudiandae facilis neque esse quaerat. Fugiat sunt accusamus aliquam cum quas alias.', 'Excepturi eaque maiores deleniti et placeat. Rerum corporis illo ullam ratione doloremque. Similique sint quia esse et porro repellendus similique.', 8);
INSERT INTO `courses` (`id`, `name`, `short_description`, `full_description`, `type_course_id`) VALUES (89, 'magnam', 'Et labore in sunt dolores corporis molestiae. Ipsum nam sit itaque et. Quidem sunt aut optio hic ab. Aut autem id fuga alias veritatis sint.', 'Voluptates vero ducimus quod aperiam qui. Occaecati provident dolor et nobis rerum. Velit consequatur id totam explicabo excepturi consectetur aut.', 9);
INSERT INTO `courses` (`id`, `name`, `short_description`, `full_description`, `type_course_id`) VALUES (90, 'assumenda', 'Est eos nam quod. Laborum ut incidunt dolorum. Et voluptas dolorum autem occaecati aut sed. Non quod qui nobis non ut aut ipsam architecto.', 'Voluptatibus in at facere non ea. Saepe magni consequatur id vel doloremque eos autem. Enim eum aliquam assumenda consequatur.', 10);
INSERT INTO `courses` (`id`, `name`, `short_description`, `full_description`, `type_course_id`) VALUES (91, 'magni', 'Sunt et ea dolores quidem. Sed eaque et cumque. Officiis laudantium aspernatur vel aut ut ut.', 'Repellat iste dolor et eum ipsum perspiciatis debitis. Occaecati veniam repellendus aut alias. Corrupti ut itaque possimus labore ut et.', 11);
INSERT INTO `courses` (`id`, `name`, `short_description`, `full_description`, `type_course_id`) VALUES (92, 'nemo', 'Omnis velit dolore omnis adipisci nobis adipisci. Nam quidem rerum non sequi doloribus quae suscipit. Debitis maiores hic autem minus repellendus et.', 'Ut quod et alias eum. Est placeat maiores hic ut veritatis rem. Nemo magni sint in in. Repellendus sapiente quia voluptas voluptas tempore asperiores.', 12);
INSERT INTO `courses` (`id`, `name`, `short_description`, `full_description`, `type_course_id`) VALUES (93, 'placeat', 'Voluptas voluptatem sequi numquam id. Voluptatem neque ea et quibusdam. Rerum voluptas cupiditate labore aspernatur voluptatem vitae est. Quod hic accusantium consequatur nesciunt eum.', 'Natus excepturi sapiente quasi at. Nisi adipisci hic soluta pariatur modi illum est. Officia nihil ipsum qui quis commodi minus et pariatur. Dolor neque error ea est.', 13);
INSERT INTO `courses` (`id`, `name`, `short_description`, `full_description`, `type_course_id`) VALUES (94, 'cumque', 'Dolor alias in cum dolor. Ullam quidem ducimus minima autem. Est et facilis eligendi et exercitationem ut dolorem asperiores.', 'Enim nesciunt et aliquid maiores. Voluptatum quia aut labore repellendus. Eaque velit aut voluptatem. Repudiandae assumenda itaque ipsam qui consequatur consequatur sed. Quidem voluptates est maxime et.', 14);
INSERT INTO `courses` (`id`, `name`, `short_description`, `full_description`, `type_course_id`) VALUES (95, 'ipsam', 'Modi velit sit optio recusandae animi nihil amet. Possimus voluptas quis corrupti. Aliquid occaecati nobis natus est harum. Enim itaque molestiae dolores aspernatur voluptatum illum enim.', 'Voluptatem quidem est et harum quasi nihil. Ut minus facilis veritatis qui laboriosam rerum delectus dolores. Omnis ut et in necessitatibus molestiae.', 15);
INSERT INTO `courses` (`id`, `name`, `short_description`, `full_description`, `type_course_id`) VALUES (96, 'soluta', 'Nam veniam quo inventore asperiores vel aut. Voluptatem optio est quia expedita blanditiis. Enim vitae sunt voluptatibus commodi dolores ut nobis nihil. Harum voluptatum enim voluptatem et neque perferendis.', 'Non cumque ipsa quaerat. Distinctio accusantium occaecati quis eius dolore.', 16);
INSERT INTO `courses` (`id`, `name`, `short_description`, `full_description`, `type_course_id`) VALUES (97, 'consequatur', 'Consectetur enim iusto velit dolore ipsum id. Aut ut illum error. Dolor ratione est deserunt sit eaque.', 'Eum repellendus neque earum molestiae incidunt officiis error. Ut temporibus et officia voluptatem voluptatem velit qui.', 17);
INSERT INTO `courses` (`id`, `name`, `short_description`, `full_description`, `type_course_id`) VALUES (98, 'iusto', 'Rerum dolores suscipit sapiente quis maiores magnam vel. Eaque odit quis quis distinctio rerum rerum pariatur consequuntur. Aut enim a ea incidunt mollitia.', 'Qui iusto architecto non optio ducimus. A eos sunt tempora fuga explicabo exercitationem maxime temporibus. Est repellat sunt beatae dolores et. Maiores odio sint est aspernatur ad a.', 18);
INSERT INTO `courses` (`id`, `name`, `short_description`, `full_description`, `type_course_id`) VALUES (99, 'velit', 'Dolorem dicta dolores enim maxime eligendi. Laboriosam quae magnam quis et. Laborum maiores illo dolores voluptas.', 'Numquam tempora dolorem recusandae beatae tempora aut quibusdam. Nihil qui perspiciatis itaque vitae necessitatibus. Placeat neque unde sint molestiae aliquam iste. Qui quae voluptatem et nemo. Accusamus porro sint consectetur corporis necessitatibus ut.', 19);
INSERT INTO `courses` (`id`, `name`, `short_description`, `full_description`, `type_course_id`) VALUES (100, 'sit', 'Temporibus modi placeat temporibus quasi molestias perferendis dicta. Ad officiis labore recusandae aut. Aperiam accusamus libero ad vel. Laborum enim doloremque saepe rerum dolore est qui.', 'Eligendi et facilis rem doloremque. Illum velit consequatur omnis non molestiae. Sapiente corrupti tempora amet accusantium dolorem at odit.', 20);


#
# TABLE STRUCTURE FOR: gender
#

DROP TABLE IF EXISTS `gender`;

CREATE TABLE `gender` (
  `id` int(10) unsigned NOT NULL AUTO_INCREMENT COMMENT 'Идентификатор строки',
  `name` varchar(100) COLLATE utf8_unicode_ci NOT NULL COMMENT 'Название пола пользвателя',
  `created_at` datetime DEFAULT current_timestamp() COMMENT 'Время создания строки',
  `updated_at` datetime DEFAULT current_timestamp() ON UPDATE current_timestamp() COMMENT 'Время обновления строки',
  PRIMARY KEY (`id`)
) ENGINE=InnoDB AUTO_INCREMENT=4 DEFAULT CHARSET=utf8 COLLATE=utf8_unicode_ci COMMENT='Пол пользвателя';

INSERT INTO `gender` (`id`, `name`, `created_at`, `updated_at`) VALUES (1, 'female', '2000-03-28 00:00:00', '2001-01-07 22:35:34');
INSERT INTO `gender` (`id`, `name`, `created_at`, `updated_at`) VALUES (2, 'other', '2000-05-03 00:00:00', '2001-10-19 22:10:34');
INSERT INTO `gender` (`id`, `name`, `created_at`, `updated_at`) VALUES (3, 'male', '2000-07-06 00:00:00', '2001-03-17 11:05:01');


#
# TABLE STRUCTURE FOR: list_courses_users
#

DROP TABLE IF EXISTS `list_courses_users`;

CREATE TABLE `list_courses_users` (
  `user_id` int(10) unsigned NOT NULL COMMENT 'ID пользвателя',
  `courses_id` int(10) unsigned NOT NULL COMMENT 'связь с курсом',
  `created_at` datetime DEFAULT current_timestamp() COMMENT 'Дата добавления медиа файла',
  PRIMARY KEY (`user_id`,`courses_id`) COMMENT 'Ключ по двум полям'
) ENGINE=InnoDB DEFAULT CHARSET=utf8 COLLATE=utf8_unicode_ci COMMENT='Связь пользователей и курсов';

INSERT INTO `list_courses_users` (`user_id`, `courses_id`, `created_at`) VALUES (1, 1, '2000-10-02 13:55:41');
INSERT INTO `list_courses_users` (`user_id`, `courses_id`, `created_at`) VALUES (2, 2, '2000-03-24 18:03:52');
INSERT INTO `list_courses_users` (`user_id`, `courses_id`, `created_at`) VALUES (3, 3, '2000-01-26 02:19:17');
INSERT INTO `list_courses_users` (`user_id`, `courses_id`, `created_at`) VALUES (4, 4, '2000-01-12 10:02:07');
INSERT INTO `list_courses_users` (`user_id`, `courses_id`, `created_at`) VALUES (5, 5, '2000-08-29 05:53:54');
INSERT INTO `list_courses_users` (`user_id`, `courses_id`, `created_at`) VALUES (6, 6, '2000-01-24 07:07:52');
INSERT INTO `list_courses_users` (`user_id`, `courses_id`, `created_at`) VALUES (7, 7, '2000-09-14 11:17:35');
INSERT INTO `list_courses_users` (`user_id`, `courses_id`, `created_at`) VALUES (8, 8, '2000-07-31 07:39:01');
INSERT INTO `list_courses_users` (`user_id`, `courses_id`, `created_at`) VALUES (9, 9, '2000-09-16 07:16:44');
INSERT INTO `list_courses_users` (`user_id`, `courses_id`, `created_at`) VALUES (10, 10, '2000-07-09 23:49:54');
INSERT INTO `list_courses_users` (`user_id`, `courses_id`, `created_at`) VALUES (11, 11, '2000-12-05 20:03:33');
INSERT INTO `list_courses_users` (`user_id`, `courses_id`, `created_at`) VALUES (12, 12, '2000-08-28 17:33:12');
INSERT INTO `list_courses_users` (`user_id`, `courses_id`, `created_at`) VALUES (13, 13, '2000-09-10 21:09:20');
INSERT INTO `list_courses_users` (`user_id`, `courses_id`, `created_at`) VALUES (14, 14, '2000-08-08 00:13:33');
INSERT INTO `list_courses_users` (`user_id`, `courses_id`, `created_at`) VALUES (15, 15, '2000-02-19 13:49:16');
INSERT INTO `list_courses_users` (`user_id`, `courses_id`, `created_at`) VALUES (16, 16, '2000-11-18 23:55:44');
INSERT INTO `list_courses_users` (`user_id`, `courses_id`, `created_at`) VALUES (17, 17, '2000-08-02 22:57:05');
INSERT INTO `list_courses_users` (`user_id`, `courses_id`, `created_at`) VALUES (18, 18, '2000-10-19 04:04:23');
INSERT INTO `list_courses_users` (`user_id`, `courses_id`, `created_at`) VALUES (19, 19, '2000-03-01 13:45:34');
INSERT INTO `list_courses_users` (`user_id`, `courses_id`, `created_at`) VALUES (20, 20, '2000-12-31 00:40:57');
INSERT INTO `list_courses_users` (`user_id`, `courses_id`, `created_at`) VALUES (21, 21, '2000-12-25 16:53:58');
INSERT INTO `list_courses_users` (`user_id`, `courses_id`, `created_at`) VALUES (22, 22, '2000-07-02 04:27:25');
INSERT INTO `list_courses_users` (`user_id`, `courses_id`, `created_at`) VALUES (23, 23, '2000-03-11 07:10:15');
INSERT INTO `list_courses_users` (`user_id`, `courses_id`, `created_at`) VALUES (24, 24, '2000-09-05 17:47:01');
INSERT INTO `list_courses_users` (`user_id`, `courses_id`, `created_at`) VALUES (25, 25, '2000-05-22 14:06:39');
INSERT INTO `list_courses_users` (`user_id`, `courses_id`, `created_at`) VALUES (26, 26, '2000-09-25 04:07:23');
INSERT INTO `list_courses_users` (`user_id`, `courses_id`, `created_at`) VALUES (27, 27, '2000-04-09 09:16:46');
INSERT INTO `list_courses_users` (`user_id`, `courses_id`, `created_at`) VALUES (28, 28, '2000-05-06 23:28:47');
INSERT INTO `list_courses_users` (`user_id`, `courses_id`, `created_at`) VALUES (29, 29, '2000-12-05 03:42:22');
INSERT INTO `list_courses_users` (`user_id`, `courses_id`, `created_at`) VALUES (30, 30, '2000-05-04 11:15:56');
INSERT INTO `list_courses_users` (`user_id`, `courses_id`, `created_at`) VALUES (31, 31, '2000-11-06 22:07:45');
INSERT INTO `list_courses_users` (`user_id`, `courses_id`, `created_at`) VALUES (32, 32, '2000-03-12 06:31:16');
INSERT INTO `list_courses_users` (`user_id`, `courses_id`, `created_at`) VALUES (33, 33, '2000-09-22 02:28:25');
INSERT INTO `list_courses_users` (`user_id`, `courses_id`, `created_at`) VALUES (34, 34, '2000-11-18 16:43:40');
INSERT INTO `list_courses_users` (`user_id`, `courses_id`, `created_at`) VALUES (35, 35, '2000-12-21 00:27:33');
INSERT INTO `list_courses_users` (`user_id`, `courses_id`, `created_at`) VALUES (36, 36, '2000-08-11 03:41:05');
INSERT INTO `list_courses_users` (`user_id`, `courses_id`, `created_at`) VALUES (37, 37, '2000-07-30 17:05:46');
INSERT INTO `list_courses_users` (`user_id`, `courses_id`, `created_at`) VALUES (38, 38, '2000-04-03 07:02:26');
INSERT INTO `list_courses_users` (`user_id`, `courses_id`, `created_at`) VALUES (39, 39, '2000-04-19 21:33:58');
INSERT INTO `list_courses_users` (`user_id`, `courses_id`, `created_at`) VALUES (40, 40, '2000-07-23 21:51:58');
INSERT INTO `list_courses_users` (`user_id`, `courses_id`, `created_at`) VALUES (41, 41, '2000-02-09 01:25:38');
INSERT INTO `list_courses_users` (`user_id`, `courses_id`, `created_at`) VALUES (42, 42, '2000-03-06 03:00:51');
INSERT INTO `list_courses_users` (`user_id`, `courses_id`, `created_at`) VALUES (43, 43, '2000-12-27 01:22:22');
INSERT INTO `list_courses_users` (`user_id`, `courses_id`, `created_at`) VALUES (44, 44, '2000-12-13 08:21:22');
INSERT INTO `list_courses_users` (`user_id`, `courses_id`, `created_at`) VALUES (45, 45, '2000-08-11 14:28:09');
INSERT INTO `list_courses_users` (`user_id`, `courses_id`, `created_at`) VALUES (46, 46, '2000-03-06 08:41:19');
INSERT INTO `list_courses_users` (`user_id`, `courses_id`, `created_at`) VALUES (47, 47, '2000-08-20 14:48:52');
INSERT INTO `list_courses_users` (`user_id`, `courses_id`, `created_at`) VALUES (48, 48, '2000-05-13 15:34:43');
INSERT INTO `list_courses_users` (`user_id`, `courses_id`, `created_at`) VALUES (49, 49, '2000-04-18 16:41:30');
INSERT INTO `list_courses_users` (`user_id`, `courses_id`, `created_at`) VALUES (50, 50, '2000-04-10 22:42:18');
INSERT INTO `list_courses_users` (`user_id`, `courses_id`, `created_at`) VALUES (51, 51, '2000-09-27 13:54:55');
INSERT INTO `list_courses_users` (`user_id`, `courses_id`, `created_at`) VALUES (52, 52, '2000-04-26 20:14:25');
INSERT INTO `list_courses_users` (`user_id`, `courses_id`, `created_at`) VALUES (53, 53, '2000-08-31 02:22:13');
INSERT INTO `list_courses_users` (`user_id`, `courses_id`, `created_at`) VALUES (54, 54, '2000-07-23 17:10:04');
INSERT INTO `list_courses_users` (`user_id`, `courses_id`, `created_at`) VALUES (55, 55, '2000-06-30 19:07:19');
INSERT INTO `list_courses_users` (`user_id`, `courses_id`, `created_at`) VALUES (56, 56, '2000-01-22 00:47:57');
INSERT INTO `list_courses_users` (`user_id`, `courses_id`, `created_at`) VALUES (57, 57, '2000-12-09 18:39:48');
INSERT INTO `list_courses_users` (`user_id`, `courses_id`, `created_at`) VALUES (58, 58, '2000-04-04 09:39:46');
INSERT INTO `list_courses_users` (`user_id`, `courses_id`, `created_at`) VALUES (59, 59, '2000-05-07 02:13:09');
INSERT INTO `list_courses_users` (`user_id`, `courses_id`, `created_at`) VALUES (60, 60, '2000-07-10 06:55:40');
INSERT INTO `list_courses_users` (`user_id`, `courses_id`, `created_at`) VALUES (61, 61, '2000-11-08 12:16:22');
INSERT INTO `list_courses_users` (`user_id`, `courses_id`, `created_at`) VALUES (62, 62, '2000-02-12 15:02:37');
INSERT INTO `list_courses_users` (`user_id`, `courses_id`, `created_at`) VALUES (63, 63, '2000-10-17 04:31:52');
INSERT INTO `list_courses_users` (`user_id`, `courses_id`, `created_at`) VALUES (64, 64, '2000-01-25 14:05:56');
INSERT INTO `list_courses_users` (`user_id`, `courses_id`, `created_at`) VALUES (65, 65, '2000-07-12 19:02:29');
INSERT INTO `list_courses_users` (`user_id`, `courses_id`, `created_at`) VALUES (66, 66, '2000-09-05 12:29:58');
INSERT INTO `list_courses_users` (`user_id`, `courses_id`, `created_at`) VALUES (67, 67, '2000-08-10 09:20:23');
INSERT INTO `list_courses_users` (`user_id`, `courses_id`, `created_at`) VALUES (68, 68, '2000-05-07 17:19:40');
INSERT INTO `list_courses_users` (`user_id`, `courses_id`, `created_at`) VALUES (69, 69, '2000-01-14 23:50:22');
INSERT INTO `list_courses_users` (`user_id`, `courses_id`, `created_at`) VALUES (70, 70, '2000-09-09 14:21:00');
INSERT INTO `list_courses_users` (`user_id`, `courses_id`, `created_at`) VALUES (71, 71, '2000-05-24 17:12:24');
INSERT INTO `list_courses_users` (`user_id`, `courses_id`, `created_at`) VALUES (72, 72, '2000-05-31 10:41:45');
INSERT INTO `list_courses_users` (`user_id`, `courses_id`, `created_at`) VALUES (73, 73, '2000-11-04 00:51:04');
INSERT INTO `list_courses_users` (`user_id`, `courses_id`, `created_at`) VALUES (74, 74, '2000-11-14 15:52:45');
INSERT INTO `list_courses_users` (`user_id`, `courses_id`, `created_at`) VALUES (75, 75, '2000-04-23 10:24:17');
INSERT INTO `list_courses_users` (`user_id`, `courses_id`, `created_at`) VALUES (76, 76, '2000-07-22 10:12:36');
INSERT INTO `list_courses_users` (`user_id`, `courses_id`, `created_at`) VALUES (77, 77, '2000-02-05 17:56:45');
INSERT INTO `list_courses_users` (`user_id`, `courses_id`, `created_at`) VALUES (78, 78, '2000-08-31 22:43:38');
INSERT INTO `list_courses_users` (`user_id`, `courses_id`, `created_at`) VALUES (79, 79, '2000-07-21 08:21:38');
INSERT INTO `list_courses_users` (`user_id`, `courses_id`, `created_at`) VALUES (80, 80, '2000-03-20 04:35:44');
INSERT INTO `list_courses_users` (`user_id`, `courses_id`, `created_at`) VALUES (81, 81, '2000-03-28 03:37:42');
INSERT INTO `list_courses_users` (`user_id`, `courses_id`, `created_at`) VALUES (82, 82, '2000-01-11 20:25:35');
INSERT INTO `list_courses_users` (`user_id`, `courses_id`, `created_at`) VALUES (83, 83, '2000-01-17 21:25:07');
INSERT INTO `list_courses_users` (`user_id`, `courses_id`, `created_at`) VALUES (84, 84, '2000-11-30 20:56:44');
INSERT INTO `list_courses_users` (`user_id`, `courses_id`, `created_at`) VALUES (85, 85, '2000-10-09 23:00:17');
INSERT INTO `list_courses_users` (`user_id`, `courses_id`, `created_at`) VALUES (86, 86, '2000-04-24 04:54:44');
INSERT INTO `list_courses_users` (`user_id`, `courses_id`, `created_at`) VALUES (87, 87, '2000-05-10 00:17:23');
INSERT INTO `list_courses_users` (`user_id`, `courses_id`, `created_at`) VALUES (88, 88, '2000-01-20 09:03:53');
INSERT INTO `list_courses_users` (`user_id`, `courses_id`, `created_at`) VALUES (89, 89, '2000-03-11 19:47:41');
INSERT INTO `list_courses_users` (`user_id`, `courses_id`, `created_at`) VALUES (90, 90, '2000-04-09 07:12:11');
INSERT INTO `list_courses_users` (`user_id`, `courses_id`, `created_at`) VALUES (91, 91, '2000-11-17 10:01:56');
INSERT INTO `list_courses_users` (`user_id`, `courses_id`, `created_at`) VALUES (92, 92, '2000-06-16 04:15:03');
INSERT INTO `list_courses_users` (`user_id`, `courses_id`, `created_at`) VALUES (93, 93, '2000-06-07 11:17:07');
INSERT INTO `list_courses_users` (`user_id`, `courses_id`, `created_at`) VALUES (94, 94, '2000-03-01 08:52:53');
INSERT INTO `list_courses_users` (`user_id`, `courses_id`, `created_at`) VALUES (95, 95, '2000-12-03 02:56:38');
INSERT INTO `list_courses_users` (`user_id`, `courses_id`, `created_at`) VALUES (96, 96, '2000-10-24 07:01:41');
INSERT INTO `list_courses_users` (`user_id`, `courses_id`, `created_at`) VALUES (97, 97, '2000-04-13 16:50:20');
INSERT INTO `list_courses_users` (`user_id`, `courses_id`, `created_at`) VALUES (98, 98, '2000-09-11 13:31:16');
INSERT INTO `list_courses_users` (`user_id`, `courses_id`, `created_at`) VALUES (99, 99, '2000-12-12 02:43:07');
INSERT INTO `list_courses_users` (`user_id`, `courses_id`, `created_at`) VALUES (100, 100, '2000-06-12 01:38:53');


#
# TABLE STRUCTURE FOR: media
#

DROP TABLE IF EXISTS `media`;

CREATE TABLE `media` (
  `id` int(10) unsigned NOT NULL AUTO_INCREMENT COMMENT 'Идентификатор строки',
  `user_id` int(10) unsigned NOT NULL COMMENT 'Ссылка на пользователя, который загрузил файл',
  `filename` varchar(255) COLLATE utf8_unicode_ci NOT NULL COMMENT 'Путь к файлу',
  `size` int(11) NOT NULL COMMENT 'Размер файла',
  `metadata` longtext CHARACTER SET utf8mb4 COLLATE utf8mb4_bin DEFAULT NULL COMMENT 'Метаданные файла' CHECK (json_valid(`metadata`)),
  `media_type_id` int(10) unsigned NOT NULL COMMENT 'Ссылка на тип контента',
  `created_at` datetime DEFAULT current_timestamp() COMMENT 'Время создания строки',
  `updated_at` datetime DEFAULT current_timestamp() ON UPDATE current_timestamp() COMMENT 'Время обновления строки',
  PRIMARY KEY (`id`)
) ENGINE=InnoDB AUTO_INCREMENT=101 DEFAULT CHARSET=utf8 COLLATE=utf8_unicode_ci COMMENT='Медиафайлы';

INSERT INTO `media` (`id`, `user_id`, `filename`, `size`, `metadata`, `media_type_id`, `created_at`, `updated_at`) VALUES (1, 1, 'molestiae', 4, NULL, 1, '2000-08-12 03:41:36', '2005-02-19 18:05:52');
INSERT INTO `media` (`id`, `user_id`, `filename`, `size`, `metadata`, `media_type_id`, `created_at`, `updated_at`) VALUES (2, 2, 'quasi', 364859, NULL, 2, '2000-10-05 18:33:25', '2005-01-06 15:03:33');
INSERT INTO `media` (`id`, `user_id`, `filename`, `size`, `metadata`, `media_type_id`, `created_at`, `updated_at`) VALUES (3, 3, 'dolorem', 7, NULL, 3, '2000-01-22 12:46:56', '2005-01-26 23:20:54');
INSERT INTO `media` (`id`, `user_id`, `filename`, `size`, `metadata`, `media_type_id`, `created_at`, `updated_at`) VALUES (4, 4, 'omnis', 84171, NULL, 4, '2000-03-17 09:23:07', '2005-10-07 10:14:55');
INSERT INTO `media` (`id`, `user_id`, `filename`, `size`, `metadata`, `media_type_id`, `created_at`, `updated_at`) VALUES (5, 5, 'aperiam', 2717347, NULL, 5, '2000-11-25 01:12:27', '2005-01-14 07:53:54');
INSERT INTO `media` (`id`, `user_id`, `filename`, `size`, `metadata`, `media_type_id`, `created_at`, `updated_at`) VALUES (6, 6, 'magnam', 83756, NULL, 6, '2000-06-09 06:11:54', '2005-10-03 01:45:04');
INSERT INTO `media` (`id`, `user_id`, `filename`, `size`, `metadata`, `media_type_id`, `created_at`, `updated_at`) VALUES (7, 7, 'optio', 43, NULL, 7, '2000-09-18 01:04:52', '2005-10-04 17:58:26');
INSERT INTO `media` (`id`, `user_id`, `filename`, `size`, `metadata`, `media_type_id`, `created_at`, `updated_at`) VALUES (8, 8, 'ut', 64779270, NULL, 8, '2000-10-14 19:36:36', '2005-06-21 18:27:18');
INSERT INTO `media` (`id`, `user_id`, `filename`, `size`, `metadata`, `media_type_id`, `created_at`, `updated_at`) VALUES (9, 9, 'repudiandae', 8966143, NULL, 9, '2000-05-14 00:28:35', '2005-05-21 15:02:31');
INSERT INTO `media` (`id`, `user_id`, `filename`, `size`, `metadata`, `media_type_id`, `created_at`, `updated_at`) VALUES (10, 10, 'beatae', 57594221, NULL, 10, '2000-02-20 11:39:47', '2005-06-24 20:33:00');
INSERT INTO `media` (`id`, `user_id`, `filename`, `size`, `metadata`, `media_type_id`, `created_at`, `updated_at`) VALUES (11, 11, 'alias', 155581, NULL, 1, '2000-05-14 00:59:46', '2005-02-22 19:24:36');
INSERT INTO `media` (`id`, `user_id`, `filename`, `size`, `metadata`, `media_type_id`, `created_at`, `updated_at`) VALUES (12, 12, 'autem', 688836, NULL, 2, '2000-01-18 16:03:46', '2005-09-10 18:48:53');
INSERT INTO `media` (`id`, `user_id`, `filename`, `size`, `metadata`, `media_type_id`, `created_at`, `updated_at`) VALUES (13, 13, 'tempore', 393884, NULL, 3, '2000-08-21 02:19:54', '2005-06-18 17:41:51');
INSERT INTO `media` (`id`, `user_id`, `filename`, `size`, `metadata`, `media_type_id`, `created_at`, `updated_at`) VALUES (14, 14, 'quae', 16351, NULL, 4, '2000-02-15 10:34:51', '2005-02-10 11:26:58');
INSERT INTO `media` (`id`, `user_id`, `filename`, `size`, `metadata`, `media_type_id`, `created_at`, `updated_at`) VALUES (15, 15, 'ut', 803812, NULL, 5, '2000-12-08 19:13:17', '2005-09-28 23:47:20');
INSERT INTO `media` (`id`, `user_id`, `filename`, `size`, `metadata`, `media_type_id`, `created_at`, `updated_at`) VALUES (16, 16, 'cum', 364343, NULL, 6, '2000-12-10 23:00:15', '2005-02-25 14:33:41');
INSERT INTO `media` (`id`, `user_id`, `filename`, `size`, `metadata`, `media_type_id`, `created_at`, `updated_at`) VALUES (17, 17, 'amet', 13446249, NULL, 7, '2000-09-01 01:42:41', '2005-09-03 12:49:49');
INSERT INTO `media` (`id`, `user_id`, `filename`, `size`, `metadata`, `media_type_id`, `created_at`, `updated_at`) VALUES (18, 18, 'iure', 8726, NULL, 8, '2000-02-29 02:00:27', '2005-03-05 16:42:38');
INSERT INTO `media` (`id`, `user_id`, `filename`, `size`, `metadata`, `media_type_id`, `created_at`, `updated_at`) VALUES (19, 19, 'vitae', 4, NULL, 9, '2000-10-05 21:21:23', '2005-10-17 22:15:23');
INSERT INTO `media` (`id`, `user_id`, `filename`, `size`, `metadata`, `media_type_id`, `created_at`, `updated_at`) VALUES (20, 20, 'temporibus', 30, NULL, 10, '2000-04-24 05:11:39', '2005-08-24 17:27:16');
INSERT INTO `media` (`id`, `user_id`, `filename`, `size`, `metadata`, `media_type_id`, `created_at`, `updated_at`) VALUES (21, 21, 'est', 0, NULL, 1, '2000-08-13 20:00:30', '2005-12-20 20:35:06');
INSERT INTO `media` (`id`, `user_id`, `filename`, `size`, `metadata`, `media_type_id`, `created_at`, `updated_at`) VALUES (22, 22, 'quae', 64002, NULL, 2, '2000-02-15 07:28:21', '2005-02-09 18:42:17');
INSERT INTO `media` (`id`, `user_id`, `filename`, `size`, `metadata`, `media_type_id`, `created_at`, `updated_at`) VALUES (23, 23, 'minima', 704715, NULL, 3, '2000-11-17 07:30:58', '2005-06-23 01:48:22');
INSERT INTO `media` (`id`, `user_id`, `filename`, `size`, `metadata`, `media_type_id`, `created_at`, `updated_at`) VALUES (24, 24, 'ea', 58342480, NULL, 4, '2000-04-11 09:24:24', '2005-04-19 18:23:59');
INSERT INTO `media` (`id`, `user_id`, `filename`, `size`, `metadata`, `media_type_id`, `created_at`, `updated_at`) VALUES (25, 25, 'perferendis', 57757, NULL, 5, '2000-01-22 08:00:35', '2005-09-21 19:45:56');
INSERT INTO `media` (`id`, `user_id`, `filename`, `size`, `metadata`, `media_type_id`, `created_at`, `updated_at`) VALUES (26, 26, 'voluptatum', 0, NULL, 6, '2000-08-20 17:21:39', '2005-06-07 03:08:06');
INSERT INTO `media` (`id`, `user_id`, `filename`, `size`, `metadata`, `media_type_id`, `created_at`, `updated_at`) VALUES (27, 27, 'occaecati', 50277, NULL, 7, '2000-01-24 12:11:11', '2005-10-23 01:35:41');
INSERT INTO `media` (`id`, `user_id`, `filename`, `size`, `metadata`, `media_type_id`, `created_at`, `updated_at`) VALUES (28, 28, 'magni', 640155, NULL, 8, '2000-03-30 13:50:47', '2005-10-10 01:51:28');
INSERT INTO `media` (`id`, `user_id`, `filename`, `size`, `metadata`, `media_type_id`, `created_at`, `updated_at`) VALUES (29, 29, 'ipsam', 6, NULL, 9, '2000-06-20 06:35:06', '2005-01-01 01:10:18');
INSERT INTO `media` (`id`, `user_id`, `filename`, `size`, `metadata`, `media_type_id`, `created_at`, `updated_at`) VALUES (30, 30, 'autem', 84111, NULL, 10, '2000-10-31 02:27:06', '2005-12-24 08:14:52');
INSERT INTO `media` (`id`, `user_id`, `filename`, `size`, `metadata`, `media_type_id`, `created_at`, `updated_at`) VALUES (31, 31, 'libero', 547689, NULL, 1, '2000-07-28 00:34:50', '2005-07-12 03:24:14');
INSERT INTO `media` (`id`, `user_id`, `filename`, `size`, `metadata`, `media_type_id`, `created_at`, `updated_at`) VALUES (32, 32, 'consequatur', 18833, NULL, 2, '2000-03-26 07:39:46', '2005-01-16 07:12:16');
INSERT INTO `media` (`id`, `user_id`, `filename`, `size`, `metadata`, `media_type_id`, `created_at`, `updated_at`) VALUES (33, 33, 'minima', 287, NULL, 3, '2000-06-09 01:48:35', '2005-05-04 05:30:40');
INSERT INTO `media` (`id`, `user_id`, `filename`, `size`, `metadata`, `media_type_id`, `created_at`, `updated_at`) VALUES (34, 34, 'nihil', 35239, NULL, 4, '2000-06-26 00:41:59', '2005-10-06 01:58:24');
INSERT INTO `media` (`id`, `user_id`, `filename`, `size`, `metadata`, `media_type_id`, `created_at`, `updated_at`) VALUES (35, 35, 'assumenda', 0, NULL, 5, '2000-08-15 22:01:31', '2005-08-22 14:50:22');
INSERT INTO `media` (`id`, `user_id`, `filename`, `size`, `metadata`, `media_type_id`, `created_at`, `updated_at`) VALUES (36, 36, 'totam', 608709679, NULL, 6, '2000-07-16 14:39:16', '2005-02-18 16:56:50');
INSERT INTO `media` (`id`, `user_id`, `filename`, `size`, `metadata`, `media_type_id`, `created_at`, `updated_at`) VALUES (37, 37, 'totam', 83728436, NULL, 7, '2000-11-18 15:26:49', '2005-05-13 18:00:29');
INSERT INTO `media` (`id`, `user_id`, `filename`, `size`, `metadata`, `media_type_id`, `created_at`, `updated_at`) VALUES (38, 38, 'rerum', 0, NULL, 8, '2000-04-11 11:34:56', '2005-07-10 03:25:46');
INSERT INTO `media` (`id`, `user_id`, `filename`, `size`, `metadata`, `media_type_id`, `created_at`, `updated_at`) VALUES (39, 39, 'tempora', 8, NULL, 9, '2000-07-28 09:32:26', '2005-10-28 00:53:49');
INSERT INTO `media` (`id`, `user_id`, `filename`, `size`, `metadata`, `media_type_id`, `created_at`, `updated_at`) VALUES (40, 40, 'corporis', 94699, NULL, 10, '2000-09-04 14:20:03', '2005-12-20 02:35:30');
INSERT INTO `media` (`id`, `user_id`, `filename`, `size`, `metadata`, `media_type_id`, `created_at`, `updated_at`) VALUES (41, 41, 'a', 3, NULL, 1, '2000-02-23 02:31:50', '2005-01-21 08:24:56');
INSERT INTO `media` (`id`, `user_id`, `filename`, `size`, `metadata`, `media_type_id`, `created_at`, `updated_at`) VALUES (42, 42, 'architecto', 4204, NULL, 2, '2000-06-03 04:44:38', '2005-08-29 16:13:10');
INSERT INTO `media` (`id`, `user_id`, `filename`, `size`, `metadata`, `media_type_id`, `created_at`, `updated_at`) VALUES (43, 43, 'cupiditate', 8398565, NULL, 3, '2000-09-19 09:40:36', '2005-08-01 15:18:29');
INSERT INTO `media` (`id`, `user_id`, `filename`, `size`, `metadata`, `media_type_id`, `created_at`, `updated_at`) VALUES (44, 44, 'doloribus', 696699, NULL, 4, '2000-08-04 07:39:08', '2005-06-27 08:04:26');
INSERT INTO `media` (`id`, `user_id`, `filename`, `size`, `metadata`, `media_type_id`, `created_at`, `updated_at`) VALUES (45, 45, 'tempore', 0, NULL, 5, '2000-02-05 18:46:30', '2005-01-26 18:18:36');
INSERT INTO `media` (`id`, `user_id`, `filename`, `size`, `metadata`, `media_type_id`, `created_at`, `updated_at`) VALUES (46, 46, 'autem', 18, NULL, 6, '2000-03-29 23:19:00', '2005-06-23 23:10:51');
INSERT INTO `media` (`id`, `user_id`, `filename`, `size`, `metadata`, `media_type_id`, `created_at`, `updated_at`) VALUES (47, 47, 'labore', 50, NULL, 7, '2000-02-05 15:55:10', '2005-05-06 23:01:53');
INSERT INTO `media` (`id`, `user_id`, `filename`, `size`, `metadata`, `media_type_id`, `created_at`, `updated_at`) VALUES (48, 48, 'aliquid', 1919, NULL, 8, '2000-03-15 19:29:45', '2005-02-20 21:26:36');
INSERT INTO `media` (`id`, `user_id`, `filename`, `size`, `metadata`, `media_type_id`, `created_at`, `updated_at`) VALUES (49, 49, 'est', 544, NULL, 9, '2000-03-12 02:32:00', '2005-10-10 03:37:00');
INSERT INTO `media` (`id`, `user_id`, `filename`, `size`, `metadata`, `media_type_id`, `created_at`, `updated_at`) VALUES (50, 50, 'maiores', 6219372, NULL, 10, '2000-09-16 12:37:29', '2005-11-14 15:09:05');
INSERT INTO `media` (`id`, `user_id`, `filename`, `size`, `metadata`, `media_type_id`, `created_at`, `updated_at`) VALUES (51, 51, 'tempore', 13940, NULL, 1, '2000-02-24 16:51:15', '2005-09-06 15:27:57');
INSERT INTO `media` (`id`, `user_id`, `filename`, `size`, `metadata`, `media_type_id`, `created_at`, `updated_at`) VALUES (52, 52, 'itaque', 54351947, NULL, 2, '2000-04-12 03:09:49', '2005-08-17 05:45:29');
INSERT INTO `media` (`id`, `user_id`, `filename`, `size`, `metadata`, `media_type_id`, `created_at`, `updated_at`) VALUES (53, 53, 'magnam', 7273133, NULL, 3, '2000-03-03 21:40:28', '2005-12-18 20:28:24');
INSERT INTO `media` (`id`, `user_id`, `filename`, `size`, `metadata`, `media_type_id`, `created_at`, `updated_at`) VALUES (54, 54, 'et', 9845, NULL, 4, '2000-02-08 20:01:42', '2005-07-03 06:33:37');
INSERT INTO `media` (`id`, `user_id`, `filename`, `size`, `metadata`, `media_type_id`, `created_at`, `updated_at`) VALUES (55, 55, 'libero', 11, NULL, 5, '2000-01-11 05:59:10', '2005-10-12 05:55:50');
INSERT INTO `media` (`id`, `user_id`, `filename`, `size`, `metadata`, `media_type_id`, `created_at`, `updated_at`) VALUES (56, 56, 'magnam', 1, NULL, 6, '2000-03-01 15:42:43', '2005-07-03 11:16:47');
INSERT INTO `media` (`id`, `user_id`, `filename`, `size`, `metadata`, `media_type_id`, `created_at`, `updated_at`) VALUES (57, 57, 'et', 35163, NULL, 7, '2000-01-16 13:06:00', '2005-08-26 20:24:51');
INSERT INTO `media` (`id`, `user_id`, `filename`, `size`, `metadata`, `media_type_id`, `created_at`, `updated_at`) VALUES (58, 58, 'blanditiis', 27137, NULL, 8, '2000-04-03 16:38:03', '2005-05-06 10:25:03');
INSERT INTO `media` (`id`, `user_id`, `filename`, `size`, `metadata`, `media_type_id`, `created_at`, `updated_at`) VALUES (59, 59, 'ad', 85290, NULL, 9, '2000-06-07 02:56:40', '2005-09-17 15:58:19');
INSERT INTO `media` (`id`, `user_id`, `filename`, `size`, `metadata`, `media_type_id`, `created_at`, `updated_at`) VALUES (60, 60, 'sint', 20618, NULL, 10, '2000-06-03 01:38:19', '2005-04-11 03:09:28');
INSERT INTO `media` (`id`, `user_id`, `filename`, `size`, `metadata`, `media_type_id`, `created_at`, `updated_at`) VALUES (61, 61, 'aliquam', 514677066, NULL, 1, '2000-05-28 12:05:50', '2005-09-11 01:50:52');
INSERT INTO `media` (`id`, `user_id`, `filename`, `size`, `metadata`, `media_type_id`, `created_at`, `updated_at`) VALUES (62, 62, 'soluta', 626, NULL, 2, '2000-10-15 01:19:56', '2005-10-17 10:27:51');
INSERT INTO `media` (`id`, `user_id`, `filename`, `size`, `metadata`, `media_type_id`, `created_at`, `updated_at`) VALUES (63, 63, 'doloribus', 4, NULL, 3, '2000-09-27 04:47:07', '2005-08-23 13:21:37');
INSERT INTO `media` (`id`, `user_id`, `filename`, `size`, `metadata`, `media_type_id`, `created_at`, `updated_at`) VALUES (64, 64, 'sequi', 449892359, NULL, 4, '2000-04-03 22:28:17', '2005-08-12 10:30:59');
INSERT INTO `media` (`id`, `user_id`, `filename`, `size`, `metadata`, `media_type_id`, `created_at`, `updated_at`) VALUES (65, 65, 'quidem', 9574210, NULL, 5, '2000-05-05 12:56:35', '2005-10-16 21:21:10');
INSERT INTO `media` (`id`, `user_id`, `filename`, `size`, `metadata`, `media_type_id`, `created_at`, `updated_at`) VALUES (66, 66, 'sunt', 149916, NULL, 6, '2000-10-16 00:22:55', '2005-02-05 03:29:37');
INSERT INTO `media` (`id`, `user_id`, `filename`, `size`, `metadata`, `media_type_id`, `created_at`, `updated_at`) VALUES (67, 67, 'optio', 856, NULL, 7, '2000-11-28 08:25:45', '2005-04-28 17:37:23');
INSERT INTO `media` (`id`, `user_id`, `filename`, `size`, `metadata`, `media_type_id`, `created_at`, `updated_at`) VALUES (68, 68, 'aut', 86836206, NULL, 8, '2000-11-26 08:17:02', '2005-04-27 19:44:51');
INSERT INTO `media` (`id`, `user_id`, `filename`, `size`, `metadata`, `media_type_id`, `created_at`, `updated_at`) VALUES (69, 69, 'ratione', 1, NULL, 9, '2000-06-30 14:37:25', '2005-04-21 07:04:32');
INSERT INTO `media` (`id`, `user_id`, `filename`, `size`, `metadata`, `media_type_id`, `created_at`, `updated_at`) VALUES (70, 70, 'repudiandae', 86630930, NULL, 10, '2000-12-17 07:24:15', '2005-10-19 09:43:34');
INSERT INTO `media` (`id`, `user_id`, `filename`, `size`, `metadata`, `media_type_id`, `created_at`, `updated_at`) VALUES (71, 71, 'amet', 118, NULL, 1, '2000-06-21 08:51:13', '2005-10-14 05:01:08');
INSERT INTO `media` (`id`, `user_id`, `filename`, `size`, `metadata`, `media_type_id`, `created_at`, `updated_at`) VALUES (72, 72, 'cupiditate', 99267, NULL, 2, '2000-04-11 03:31:51', '2005-04-18 09:46:55');
INSERT INTO `media` (`id`, `user_id`, `filename`, `size`, `metadata`, `media_type_id`, `created_at`, `updated_at`) VALUES (73, 73, 'voluptatem', 9859, NULL, 3, '2000-07-12 10:30:58', '2005-09-26 22:35:05');
INSERT INTO `media` (`id`, `user_id`, `filename`, `size`, `metadata`, `media_type_id`, `created_at`, `updated_at`) VALUES (74, 74, 'voluptate', 15768, NULL, 4, '2000-05-19 17:05:55', '2005-01-11 23:36:50');
INSERT INTO `media` (`id`, `user_id`, `filename`, `size`, `metadata`, `media_type_id`, `created_at`, `updated_at`) VALUES (75, 75, 'vel', 1832, NULL, 5, '2000-07-01 06:49:07', '2005-05-11 21:11:42');
INSERT INTO `media` (`id`, `user_id`, `filename`, `size`, `metadata`, `media_type_id`, `created_at`, `updated_at`) VALUES (76, 76, 'molestiae', 327123597, NULL, 6, '2000-01-18 08:12:31', '2005-04-27 00:25:53');
INSERT INTO `media` (`id`, `user_id`, `filename`, `size`, `metadata`, `media_type_id`, `created_at`, `updated_at`) VALUES (77, 77, 'suscipit', 0, NULL, 7, '2000-09-19 07:56:36', '2005-04-09 00:48:25');
INSERT INTO `media` (`id`, `user_id`, `filename`, `size`, `metadata`, `media_type_id`, `created_at`, `updated_at`) VALUES (78, 78, 'distinctio', 101397, NULL, 8, '2000-09-27 20:52:48', '2005-03-03 20:45:48');
INSERT INTO `media` (`id`, `user_id`, `filename`, `size`, `metadata`, `media_type_id`, `created_at`, `updated_at`) VALUES (79, 79, 'nisi', 0, NULL, 9, '2000-09-23 16:34:59', '2005-06-02 09:07:27');
INSERT INTO `media` (`id`, `user_id`, `filename`, `size`, `metadata`, `media_type_id`, `created_at`, `updated_at`) VALUES (80, 80, 'maxime', 64868, NULL, 10, '2000-06-20 14:04:36', '2005-04-25 18:41:40');
INSERT INTO `media` (`id`, `user_id`, `filename`, `size`, `metadata`, `media_type_id`, `created_at`, `updated_at`) VALUES (81, 81, 'ipsum', 6957, NULL, 1, '2000-09-12 16:57:37', '2005-06-27 19:13:44');
INSERT INTO `media` (`id`, `user_id`, `filename`, `size`, `metadata`, `media_type_id`, `created_at`, `updated_at`) VALUES (82, 82, 'odio', 522, NULL, 2, '2000-12-14 00:05:55', '2005-01-16 10:57:54');
INSERT INTO `media` (`id`, `user_id`, `filename`, `size`, `metadata`, `media_type_id`, `created_at`, `updated_at`) VALUES (83, 83, 'fugiat', 299, NULL, 3, '2000-07-19 14:07:06', '2005-05-20 06:20:51');
INSERT INTO `media` (`id`, `user_id`, `filename`, `size`, `metadata`, `media_type_id`, `created_at`, `updated_at`) VALUES (84, 84, 'ea', 60706, NULL, 4, '2000-05-09 22:47:10', '2005-04-06 12:47:27');
INSERT INTO `media` (`id`, `user_id`, `filename`, `size`, `metadata`, `media_type_id`, `created_at`, `updated_at`) VALUES (85, 85, 'qui', 2963, NULL, 5, '2000-05-04 06:51:29', '2005-06-27 05:19:19');
INSERT INTO `media` (`id`, `user_id`, `filename`, `size`, `metadata`, `media_type_id`, `created_at`, `updated_at`) VALUES (86, 86, 'dolorum', 3985, NULL, 6, '2000-12-02 15:40:47', '2005-09-27 02:01:37');
INSERT INTO `media` (`id`, `user_id`, `filename`, `size`, `metadata`, `media_type_id`, `created_at`, `updated_at`) VALUES (87, 87, 'vero', 97, NULL, 7, '2000-05-14 13:45:49', '2005-07-23 06:40:48');
INSERT INTO `media` (`id`, `user_id`, `filename`, `size`, `metadata`, `media_type_id`, `created_at`, `updated_at`) VALUES (88, 88, 'fuga', 2, NULL, 8, '2000-11-12 03:14:31', '2005-09-22 08:08:21');
INSERT INTO `media` (`id`, `user_id`, `filename`, `size`, `metadata`, `media_type_id`, `created_at`, `updated_at`) VALUES (89, 89, 'et', 0, NULL, 9, '2000-06-07 15:11:59', '2005-01-25 03:25:55');
INSERT INTO `media` (`id`, `user_id`, `filename`, `size`, `metadata`, `media_type_id`, `created_at`, `updated_at`) VALUES (90, 90, 'officia', 625942333, NULL, 10, '2000-03-26 13:49:03', '2005-09-18 15:54:31');
INSERT INTO `media` (`id`, `user_id`, `filename`, `size`, `metadata`, `media_type_id`, `created_at`, `updated_at`) VALUES (91, 91, 'magni', 930967, NULL, 1, '2000-12-13 02:39:49', '2005-07-21 21:39:48');
INSERT INTO `media` (`id`, `user_id`, `filename`, `size`, `metadata`, `media_type_id`, `created_at`, `updated_at`) VALUES (92, 92, 'eaque', 0, NULL, 2, '2000-12-09 12:34:22', '2005-07-16 03:59:37');
INSERT INTO `media` (`id`, `user_id`, `filename`, `size`, `metadata`, `media_type_id`, `created_at`, `updated_at`) VALUES (93, 93, 'et', 1343, NULL, 3, '2000-02-19 11:59:23', '2005-11-04 16:17:32');
INSERT INTO `media` (`id`, `user_id`, `filename`, `size`, `metadata`, `media_type_id`, `created_at`, `updated_at`) VALUES (94, 94, 'odio', 66204747, NULL, 4, '2000-11-11 03:01:43', '2005-08-30 03:09:25');
INSERT INTO `media` (`id`, `user_id`, `filename`, `size`, `metadata`, `media_type_id`, `created_at`, `updated_at`) VALUES (95, 95, 'nobis', 94336909, NULL, 5, '2000-07-03 00:58:25', '2005-08-19 16:35:20');
INSERT INTO `media` (`id`, `user_id`, `filename`, `size`, `metadata`, `media_type_id`, `created_at`, `updated_at`) VALUES (96, 96, 'magni', 1030, NULL, 6, '2000-08-29 06:51:21', '2005-04-25 08:23:42');
INSERT INTO `media` (`id`, `user_id`, `filename`, `size`, `metadata`, `media_type_id`, `created_at`, `updated_at`) VALUES (97, 97, 'eum', 82, NULL, 7, '2000-03-13 07:47:23', '2005-02-16 12:24:15');
INSERT INTO `media` (`id`, `user_id`, `filename`, `size`, `metadata`, `media_type_id`, `created_at`, `updated_at`) VALUES (98, 98, 'quia', 831319, NULL, 8, '2000-08-04 02:06:49', '2005-05-12 08:35:38');
INSERT INTO `media` (`id`, `user_id`, `filename`, `size`, `metadata`, `media_type_id`, `created_at`, `updated_at`) VALUES (99, 99, 'occaecati', 457, NULL, 9, '2000-04-03 07:03:56', '2005-07-03 05:42:13');
INSERT INTO `media` (`id`, `user_id`, `filename`, `size`, `metadata`, `media_type_id`, `created_at`, `updated_at`) VALUES (100, 100, 'non', 0, NULL, 10, '2000-09-30 06:02:12', '2005-11-10 15:29:17');


#
# TABLE STRUCTURE FOR: media_posts
#

DROP TABLE IF EXISTS `media_posts`;

CREATE TABLE `media_posts` (
  `post_id` int(10) unsigned NOT NULL COMMENT 'ID поста',
  `media_id` int(10) unsigned NOT NULL COMMENT 'ID файла',
  `created_at` datetime DEFAULT current_timestamp() COMMENT 'Дата добавления медиа файла',
  PRIMARY KEY (`post_id`,`media_id`) COMMENT 'Ключ по двум полям'
) ENGINE=InnoDB DEFAULT CHARSET=utf8 COLLATE=utf8_unicode_ci COMMENT='Связь постов и медиа файлов';

INSERT INTO `media_posts` (`post_id`, `media_id`, `created_at`) VALUES (1, 1, '2000-07-12 03:33:05');
INSERT INTO `media_posts` (`post_id`, `media_id`, `created_at`) VALUES (2, 2, '2000-02-05 09:19:16');
INSERT INTO `media_posts` (`post_id`, `media_id`, `created_at`) VALUES (3, 3, '2000-10-10 16:55:02');
INSERT INTO `media_posts` (`post_id`, `media_id`, `created_at`) VALUES (4, 4, '2000-10-07 08:50:09');
INSERT INTO `media_posts` (`post_id`, `media_id`, `created_at`) VALUES (5, 5, '2000-09-24 17:24:05');
INSERT INTO `media_posts` (`post_id`, `media_id`, `created_at`) VALUES (6, 6, '2000-10-12 22:38:37');
INSERT INTO `media_posts` (`post_id`, `media_id`, `created_at`) VALUES (7, 7, '2000-03-15 11:11:43');
INSERT INTO `media_posts` (`post_id`, `media_id`, `created_at`) VALUES (8, 8, '2000-01-06 04:09:20');
INSERT INTO `media_posts` (`post_id`, `media_id`, `created_at`) VALUES (9, 9, '2000-06-28 02:01:13');
INSERT INTO `media_posts` (`post_id`, `media_id`, `created_at`) VALUES (10, 10, '2000-04-18 20:09:52');
INSERT INTO `media_posts` (`post_id`, `media_id`, `created_at`) VALUES (11, 11, '2000-01-24 13:20:47');
INSERT INTO `media_posts` (`post_id`, `media_id`, `created_at`) VALUES (12, 12, '2000-04-08 22:26:23');
INSERT INTO `media_posts` (`post_id`, `media_id`, `created_at`) VALUES (13, 13, '2000-08-31 09:56:08');
INSERT INTO `media_posts` (`post_id`, `media_id`, `created_at`) VALUES (14, 14, '2000-10-31 23:23:47');
INSERT INTO `media_posts` (`post_id`, `media_id`, `created_at`) VALUES (15, 15, '2000-08-01 03:47:45');
INSERT INTO `media_posts` (`post_id`, `media_id`, `created_at`) VALUES (16, 16, '2000-03-12 13:39:22');
INSERT INTO `media_posts` (`post_id`, `media_id`, `created_at`) VALUES (17, 17, '2000-08-07 22:25:01');
INSERT INTO `media_posts` (`post_id`, `media_id`, `created_at`) VALUES (18, 18, '2000-07-14 09:55:39');
INSERT INTO `media_posts` (`post_id`, `media_id`, `created_at`) VALUES (19, 19, '2000-11-24 05:39:13');
INSERT INTO `media_posts` (`post_id`, `media_id`, `created_at`) VALUES (20, 20, '2000-04-03 01:31:47');
INSERT INTO `media_posts` (`post_id`, `media_id`, `created_at`) VALUES (21, 21, '2000-01-31 18:46:44');
INSERT INTO `media_posts` (`post_id`, `media_id`, `created_at`) VALUES (22, 22, '2000-02-02 17:37:22');
INSERT INTO `media_posts` (`post_id`, `media_id`, `created_at`) VALUES (23, 23, '2000-09-06 10:43:55');
INSERT INTO `media_posts` (`post_id`, `media_id`, `created_at`) VALUES (24, 24, '2000-08-24 02:01:20');
INSERT INTO `media_posts` (`post_id`, `media_id`, `created_at`) VALUES (25, 25, '2000-12-01 08:01:46');
INSERT INTO `media_posts` (`post_id`, `media_id`, `created_at`) VALUES (26, 26, '2000-12-10 21:44:44');
INSERT INTO `media_posts` (`post_id`, `media_id`, `created_at`) VALUES (27, 27, '2000-05-08 01:25:11');
INSERT INTO `media_posts` (`post_id`, `media_id`, `created_at`) VALUES (28, 28, '2000-02-06 04:15:29');
INSERT INTO `media_posts` (`post_id`, `media_id`, `created_at`) VALUES (29, 29, '2000-08-05 00:16:00');
INSERT INTO `media_posts` (`post_id`, `media_id`, `created_at`) VALUES (30, 30, '2000-08-24 17:11:09');
INSERT INTO `media_posts` (`post_id`, `media_id`, `created_at`) VALUES (31, 31, '2000-06-30 15:13:52');
INSERT INTO `media_posts` (`post_id`, `media_id`, `created_at`) VALUES (32, 32, '2000-01-26 17:55:03');
INSERT INTO `media_posts` (`post_id`, `media_id`, `created_at`) VALUES (33, 33, '2000-03-05 02:20:52');
INSERT INTO `media_posts` (`post_id`, `media_id`, `created_at`) VALUES (34, 34, '2000-06-10 13:03:35');
INSERT INTO `media_posts` (`post_id`, `media_id`, `created_at`) VALUES (35, 35, '2000-12-21 03:42:38');
INSERT INTO `media_posts` (`post_id`, `media_id`, `created_at`) VALUES (36, 36, '2000-11-24 19:38:07');
INSERT INTO `media_posts` (`post_id`, `media_id`, `created_at`) VALUES (37, 37, '2000-08-26 23:10:12');
INSERT INTO `media_posts` (`post_id`, `media_id`, `created_at`) VALUES (38, 38, '2000-01-18 11:18:47');
INSERT INTO `media_posts` (`post_id`, `media_id`, `created_at`) VALUES (39, 39, '2000-09-02 15:53:56');
INSERT INTO `media_posts` (`post_id`, `media_id`, `created_at`) VALUES (40, 40, '2000-07-11 12:24:25');
INSERT INTO `media_posts` (`post_id`, `media_id`, `created_at`) VALUES (41, 41, '2000-06-14 20:18:12');
INSERT INTO `media_posts` (`post_id`, `media_id`, `created_at`) VALUES (42, 42, '2000-10-25 17:55:17');
INSERT INTO `media_posts` (`post_id`, `media_id`, `created_at`) VALUES (43, 43, '2000-08-09 21:01:24');
INSERT INTO `media_posts` (`post_id`, `media_id`, `created_at`) VALUES (44, 44, '2000-08-17 10:38:25');
INSERT INTO `media_posts` (`post_id`, `media_id`, `created_at`) VALUES (45, 45, '2000-03-08 04:30:42');
INSERT INTO `media_posts` (`post_id`, `media_id`, `created_at`) VALUES (46, 46, '2000-01-06 22:58:19');
INSERT INTO `media_posts` (`post_id`, `media_id`, `created_at`) VALUES (47, 47, '2000-01-28 06:48:17');
INSERT INTO `media_posts` (`post_id`, `media_id`, `created_at`) VALUES (48, 48, '2000-05-17 08:24:21');
INSERT INTO `media_posts` (`post_id`, `media_id`, `created_at`) VALUES (49, 49, '2000-07-03 06:48:31');
INSERT INTO `media_posts` (`post_id`, `media_id`, `created_at`) VALUES (50, 50, '2000-10-02 08:59:55');
INSERT INTO `media_posts` (`post_id`, `media_id`, `created_at`) VALUES (51, 51, '2000-04-15 16:35:03');
INSERT INTO `media_posts` (`post_id`, `media_id`, `created_at`) VALUES (52, 52, '2000-09-16 16:34:32');
INSERT INTO `media_posts` (`post_id`, `media_id`, `created_at`) VALUES (53, 53, '2000-08-08 00:17:49');
INSERT INTO `media_posts` (`post_id`, `media_id`, `created_at`) VALUES (54, 54, '2000-11-21 15:42:34');
INSERT INTO `media_posts` (`post_id`, `media_id`, `created_at`) VALUES (55, 55, '2000-08-14 04:03:27');
INSERT INTO `media_posts` (`post_id`, `media_id`, `created_at`) VALUES (56, 56, '2000-01-20 12:49:31');
INSERT INTO `media_posts` (`post_id`, `media_id`, `created_at`) VALUES (57, 57, '2000-03-31 01:57:48');
INSERT INTO `media_posts` (`post_id`, `media_id`, `created_at`) VALUES (58, 58, '2000-10-29 10:50:22');
INSERT INTO `media_posts` (`post_id`, `media_id`, `created_at`) VALUES (59, 59, '2000-03-20 11:30:03');
INSERT INTO `media_posts` (`post_id`, `media_id`, `created_at`) VALUES (60, 60, '2000-04-02 23:02:22');
INSERT INTO `media_posts` (`post_id`, `media_id`, `created_at`) VALUES (61, 61, '2000-02-26 20:04:47');
INSERT INTO `media_posts` (`post_id`, `media_id`, `created_at`) VALUES (62, 62, '2000-11-05 10:23:52');
INSERT INTO `media_posts` (`post_id`, `media_id`, `created_at`) VALUES (63, 63, '2000-04-28 12:21:51');
INSERT INTO `media_posts` (`post_id`, `media_id`, `created_at`) VALUES (64, 64, '2000-04-22 00:33:33');
INSERT INTO `media_posts` (`post_id`, `media_id`, `created_at`) VALUES (65, 65, '2000-04-20 02:12:51');
INSERT INTO `media_posts` (`post_id`, `media_id`, `created_at`) VALUES (66, 66, '2000-04-21 12:40:26');
INSERT INTO `media_posts` (`post_id`, `media_id`, `created_at`) VALUES (67, 67, '2000-06-15 16:48:47');
INSERT INTO `media_posts` (`post_id`, `media_id`, `created_at`) VALUES (68, 68, '2000-12-24 23:43:13');
INSERT INTO `media_posts` (`post_id`, `media_id`, `created_at`) VALUES (69, 69, '2000-03-07 13:06:07');
INSERT INTO `media_posts` (`post_id`, `media_id`, `created_at`) VALUES (70, 70, '2000-07-18 20:56:09');
INSERT INTO `media_posts` (`post_id`, `media_id`, `created_at`) VALUES (71, 71, '2000-03-23 07:00:14');
INSERT INTO `media_posts` (`post_id`, `media_id`, `created_at`) VALUES (72, 72, '2000-02-16 18:35:05');
INSERT INTO `media_posts` (`post_id`, `media_id`, `created_at`) VALUES (73, 73, '2000-09-01 07:05:49');
INSERT INTO `media_posts` (`post_id`, `media_id`, `created_at`) VALUES (74, 74, '2000-04-12 11:31:23');
INSERT INTO `media_posts` (`post_id`, `media_id`, `created_at`) VALUES (75, 75, '2000-05-26 09:42:03');
INSERT INTO `media_posts` (`post_id`, `media_id`, `created_at`) VALUES (76, 76, '2000-01-04 10:58:30');
INSERT INTO `media_posts` (`post_id`, `media_id`, `created_at`) VALUES (77, 77, '2000-12-24 04:09:20');
INSERT INTO `media_posts` (`post_id`, `media_id`, `created_at`) VALUES (78, 78, '2000-10-01 14:17:51');
INSERT INTO `media_posts` (`post_id`, `media_id`, `created_at`) VALUES (79, 79, '2000-02-29 19:48:30');
INSERT INTO `media_posts` (`post_id`, `media_id`, `created_at`) VALUES (80, 80, '2000-01-06 03:38:07');
INSERT INTO `media_posts` (`post_id`, `media_id`, `created_at`) VALUES (81, 81, '2000-01-07 09:47:55');
INSERT INTO `media_posts` (`post_id`, `media_id`, `created_at`) VALUES (82, 82, '2000-09-22 03:19:56');
INSERT INTO `media_posts` (`post_id`, `media_id`, `created_at`) VALUES (83, 83, '2000-10-24 12:34:07');
INSERT INTO `media_posts` (`post_id`, `media_id`, `created_at`) VALUES (84, 84, '2000-05-22 00:27:38');
INSERT INTO `media_posts` (`post_id`, `media_id`, `created_at`) VALUES (85, 85, '2000-07-01 20:54:37');
INSERT INTO `media_posts` (`post_id`, `media_id`, `created_at`) VALUES (86, 86, '2000-12-13 00:11:18');
INSERT INTO `media_posts` (`post_id`, `media_id`, `created_at`) VALUES (87, 87, '2000-06-01 06:48:04');
INSERT INTO `media_posts` (`post_id`, `media_id`, `created_at`) VALUES (88, 88, '2000-06-26 18:16:43');
INSERT INTO `media_posts` (`post_id`, `media_id`, `created_at`) VALUES (89, 89, '2000-03-18 06:08:03');
INSERT INTO `media_posts` (`post_id`, `media_id`, `created_at`) VALUES (90, 90, '2000-10-30 01:50:27');
INSERT INTO `media_posts` (`post_id`, `media_id`, `created_at`) VALUES (91, 91, '2000-08-10 04:55:58');
INSERT INTO `media_posts` (`post_id`, `media_id`, `created_at`) VALUES (92, 92, '2000-08-28 17:03:26');
INSERT INTO `media_posts` (`post_id`, `media_id`, `created_at`) VALUES (93, 93, '2000-11-02 08:25:15');
INSERT INTO `media_posts` (`post_id`, `media_id`, `created_at`) VALUES (94, 94, '2000-06-16 18:29:18');
INSERT INTO `media_posts` (`post_id`, `media_id`, `created_at`) VALUES (95, 95, '2000-11-26 11:21:27');
INSERT INTO `media_posts` (`post_id`, `media_id`, `created_at`) VALUES (96, 96, '2000-06-11 05:30:48');
INSERT INTO `media_posts` (`post_id`, `media_id`, `created_at`) VALUES (97, 97, '2000-07-31 10:53:30');
INSERT INTO `media_posts` (`post_id`, `media_id`, `created_at`) VALUES (98, 98, '2000-12-23 13:36:47');
INSERT INTO `media_posts` (`post_id`, `media_id`, `created_at`) VALUES (99, 99, '2000-03-29 06:30:00');
INSERT INTO `media_posts` (`post_id`, `media_id`, `created_at`) VALUES (100, 100, '2000-06-06 02:41:03');


#
# TABLE STRUCTURE FOR: media_types
#

DROP TABLE IF EXISTS `media_types`;

CREATE TABLE `media_types` (
  `id` int(10) unsigned NOT NULL AUTO_INCREMENT COMMENT 'Идентификатор строки',
  `name` varchar(255) COLLATE utf8_unicode_ci NOT NULL COMMENT 'Название типа',
  `created_at` datetime DEFAULT current_timestamp() COMMENT 'Время создания строки',
  `updated_at` datetime DEFAULT current_timestamp() ON UPDATE current_timestamp() COMMENT 'Время обновления строки',
  PRIMARY KEY (`id`),
  UNIQUE KEY `name` (`name`)
) ENGINE=InnoDB AUTO_INCREMENT=11 DEFAULT CHARSET=utf8 COLLATE=utf8_unicode_ci COMMENT='Типы медиафайлов';

INSERT INTO `media_types` (`id`, `name`, `created_at`, `updated_at`) VALUES (1, 'f77', '2001-02-13 07:34:21', '2002-11-17 10:00:07');
INSERT INTO `media_types` (`id`, `name`, `created_at`, `updated_at`) VALUES (2, 'bz', '2001-05-09 12:47:37', '2002-01-29 22:12:38');
INSERT INTO `media_types` (`id`, `name`, `created_at`, `updated_at`) VALUES (3, 'st', '2001-03-19 22:56:03', '2002-09-18 14:09:03');
INSERT INTO `media_types` (`id`, `name`, `created_at`, `updated_at`) VALUES (4, 'jsonml', '2001-10-14 21:51:45', '2002-04-20 14:44:13');
INSERT INTO `media_types` (`id`, `name`, `created_at`, `updated_at`) VALUES (5, 'wmls', '2001-12-27 17:10:07', '2002-12-28 06:50:26');
INSERT INTO `media_types` (`id`, `name`, `created_at`, `updated_at`) VALUES (6, 'avi', '2001-01-29 09:52:03', '2002-11-09 19:19:54');
INSERT INTO `media_types` (`id`, `name`, `created_at`, `updated_at`) VALUES (7, 'ez2', '2001-11-21 17:49:18', '2002-03-19 06:00:01');
INSERT INTO `media_types` (`id`, `name`, `created_at`, `updated_at`) VALUES (8, 'svd', '2001-05-10 23:10:45', '2002-05-27 12:13:57');
INSERT INTO `media_types` (`id`, `name`, `created_at`, `updated_at`) VALUES (9, 'ods', '2001-07-12 19:44:58', '2002-07-18 22:26:55');
INSERT INTO `media_types` (`id`, `name`, `created_at`, `updated_at`) VALUES (10, 'oxt', '2001-03-07 16:56:05', '2002-06-15 12:34:18');


#
# TABLE STRUCTURE FOR: messages
#

DROP TABLE IF EXISTS `messages`;

CREATE TABLE `messages` (
  `id` int(10) unsigned NOT NULL AUTO_INCREMENT COMMENT 'Идентификатор строки',
  `from_user_id` int(10) unsigned NOT NULL COMMENT 'Ссылка на отправителя сообщения',
  `to_user_id` int(10) unsigned NOT NULL COMMENT 'Ссылка на получателя сообщения',
  `body` text COLLATE utf8_unicode_ci NOT NULL COMMENT 'Текст сообщения',
  `is_important` tinyint(1) DEFAULT NULL COMMENT 'Признак важности',
  `is_delivered` tinyint(1) DEFAULT NULL COMMENT 'Признак доставки',
  `created_at` datetime DEFAULT current_timestamp() COMMENT 'Время создания строки',
  `updated_at` datetime DEFAULT current_timestamp() ON UPDATE current_timestamp() COMMENT 'Время обновления строки',
  PRIMARY KEY (`id`)
) ENGINE=InnoDB AUTO_INCREMENT=101 DEFAULT CHARSET=utf8 COLLATE=utf8_unicode_ci COMMENT='Сообщения';

INSERT INTO `messages` (`id`, `from_user_id`, `to_user_id`, `body`, `is_important`, `is_delivered`, `created_at`, `updated_at`) VALUES (1, 1, 47, 'Labore autem consequatur voluptatem praesentium ad voluptatem et. Aut qui maiores qui accusamus molestias et. Dolores dolores molestiae enim.', 0, 1, '2000-11-12 02:42:18', '2000-02-09 18:53:28');
INSERT INTO `messages` (`id`, `from_user_id`, `to_user_id`, `body`, `is_important`, `is_delivered`, `created_at`, `updated_at`) VALUES (2, 2, 7, 'Corporis nulla eum corporis ea eveniet deserunt eaque. Voluptatem aspernatur omnis est. Explicabo ipsa voluptas soluta. Qui ut ipsum dolores maxime doloremque ut. Voluptas iste accusantium modi aspernatur porro neque qui non.', 1, 1, '2000-09-16 05:27:32', '2000-08-11 12:09:42');
INSERT INTO `messages` (`id`, `from_user_id`, `to_user_id`, `body`, `is_important`, `is_delivered`, `created_at`, `updated_at`) VALUES (3, 3, 96, 'At a aut unde est inventore aut. Iusto quia consequuntur nisi ea iure sed.', 0, 1, '2000-06-22 04:11:40', '2000-03-13 07:23:27');
INSERT INTO `messages` (`id`, `from_user_id`, `to_user_id`, `body`, `is_important`, `is_delivered`, `created_at`, `updated_at`) VALUES (4, 4, 31, 'Omnis ut error in. Aut fugiat maiores id expedita neque qui. Ipsa tenetur rerum voluptas quis dolores. Culpa tenetur reprehenderit voluptas dolor consectetur.', 0, 0, '2000-09-03 05:23:42', '2000-08-07 13:53:38');
INSERT INTO `messages` (`id`, `from_user_id`, `to_user_id`, `body`, `is_important`, `is_delivered`, `created_at`, `updated_at`) VALUES (5, 5, 35, 'Corporis suscipit et quo similique ratione consequatur. Odio at laboriosam earum animi iure. Voluptates dolor quia ea quo et. Perferendis quas odit at eos officiis aut beatae qui.', 0, 1, '2000-04-01 17:12:58', '2000-07-03 22:49:02');
INSERT INTO `messages` (`id`, `from_user_id`, `to_user_id`, `body`, `is_important`, `is_delivered`, `created_at`, `updated_at`) VALUES (6, 6, 13, 'Ducimus quo fugit velit. Eaque quae ducimus itaque veniam molestiae. Tempora vero ut tempore nobis omnis. Ducimus facilis architecto dolorem a est veniam quos.', 1, 1, '2000-03-03 03:47:51', '2000-01-20 10:42:10');
INSERT INTO `messages` (`id`, `from_user_id`, `to_user_id`, `body`, `is_important`, `is_delivered`, `created_at`, `updated_at`) VALUES (7, 7, 8, 'Eum sint excepturi accusamus eum. Ut voluptatum quo ut vel non doloremque temporibus. Reiciendis molestiae consequatur neque quibusdam dolores reprehenderit velit. Ea omnis sit deleniti est ut.', 0, 0, '2000-08-19 13:15:24', '2000-07-26 20:42:39');
INSERT INTO `messages` (`id`, `from_user_id`, `to_user_id`, `body`, `is_important`, `is_delivered`, `created_at`, `updated_at`) VALUES (8, 8, 32, 'Facilis maxime nobis quidem ad qui. Numquam iure doloribus recusandae consequatur magnam error. Dolore quia architecto et harum eius. Ducimus omnis non sed.', 0, 1, '2000-04-19 08:15:54', '2000-10-02 04:23:56');
INSERT INTO `messages` (`id`, `from_user_id`, `to_user_id`, `body`, `is_important`, `is_delivered`, `created_at`, `updated_at`) VALUES (9, 9, 34, 'Et consequatur eius nihil provident. Saepe dicta voluptate quis et. Est omnis beatae autem nulla explicabo eligendi quia. Tenetur et voluptatibus facilis et voluptatibus voluptate velit.', 1, 0, '2000-11-03 08:12:52', '2000-04-29 15:06:50');
INSERT INTO `messages` (`id`, `from_user_id`, `to_user_id`, `body`, `is_important`, `is_delivered`, `created_at`, `updated_at`) VALUES (10, 10, 99, 'Debitis corporis est in cum pariatur molestiae. Aut quisquam laboriosam quia doloremque ut molestiae et. Error enim qui corporis inventore. Laboriosam omnis magnam totam sint. Consequatur totam deleniti sit magni consequatur et vel.', 1, 1, '2000-01-13 21:51:56', '2000-02-22 21:25:08');
INSERT INTO `messages` (`id`, `from_user_id`, `to_user_id`, `body`, `is_important`, `is_delivered`, `created_at`, `updated_at`) VALUES (11, 11, 71, 'Adipisci voluptates accusantium magnam dolores necessitatibus. Labore quod impedit ad et dolore recusandae. Recusandae tenetur nam laudantium. Delectus ea nobis est voluptas vel.', 0, 1, '2000-06-02 11:28:38', '2000-04-06 15:51:08');
INSERT INTO `messages` (`id`, `from_user_id`, `to_user_id`, `body`, `is_important`, `is_delivered`, `created_at`, `updated_at`) VALUES (12, 12, 49, 'Numquam laudantium odio consectetur eaque temporibus iste. Necessitatibus sunt laboriosam animi quia nisi rerum. Placeat qui quaerat architecto sequi. Beatae eius occaecati facilis saepe reprehenderit eos voluptatibus.', 0, 1, '2000-09-17 03:46:01', '2000-02-09 03:59:10');
INSERT INTO `messages` (`id`, `from_user_id`, `to_user_id`, `body`, `is_important`, `is_delivered`, `created_at`, `updated_at`) VALUES (13, 13, 57, 'Sunt ut minima quod earum autem repellendus temporibus. Quasi eum earum et. Voluptas quibusdam tempore dolorem atque ut omnis.', 1, 1, '2000-04-27 01:14:42', '2000-03-22 08:38:34');
INSERT INTO `messages` (`id`, `from_user_id`, `to_user_id`, `body`, `is_important`, `is_delivered`, `created_at`, `updated_at`) VALUES (14, 14, 43, 'Iste magnam accusamus quia eius excepturi. Quia voluptatem iste incidunt rerum et aut quo.', 1, 1, '2000-01-25 21:54:10', '2000-09-23 19:22:51');
INSERT INTO `messages` (`id`, `from_user_id`, `to_user_id`, `body`, `is_important`, `is_delivered`, `created_at`, `updated_at`) VALUES (15, 15, 21, 'Aut unde iste laborum sunt amet quia alias. In quis eos adipisci. Ad quia sed perferendis laboriosam impedit. Sint quidem ut a natus animi commodi.', 1, 0, '2000-12-14 00:26:16', '2000-04-30 15:19:06');
INSERT INTO `messages` (`id`, `from_user_id`, `to_user_id`, `body`, `is_important`, `is_delivered`, `created_at`, `updated_at`) VALUES (16, 16, 36, 'Debitis numquam quod cumque est alias quasi voluptates rerum. Quo error sint aliquid inventore dignissimos officia. A ut corrupti beatae numquam quia saepe. Est sed sint unde eum impedit. Odio et doloremque rerum numquam molestias blanditiis dolore.', 0, 0, '2000-12-01 14:00:15', '2000-08-24 15:41:16');
INSERT INTO `messages` (`id`, `from_user_id`, `to_user_id`, `body`, `is_important`, `is_delivered`, `created_at`, `updated_at`) VALUES (17, 17, 85, 'Rerum placeat enim facere ipsum. Quia iste possimus voluptatibus in fugiat. Consequuntur corrupti occaecati ipsa fugit vitae. Eum sit ipsa consequuntur non ab voluptate quas. Est aut amet aut ratione amet tempora.', 1, 1, '2000-05-16 09:17:39', '2000-02-03 03:03:30');
INSERT INTO `messages` (`id`, `from_user_id`, `to_user_id`, `body`, `is_important`, `is_delivered`, `created_at`, `updated_at`) VALUES (18, 18, 74, 'Fuga praesentium ex quam sunt est quisquam. Qui non eum omnis id vero consequatur voluptas. Est dolorum id odio cupiditate blanditiis. Porro dolorem aliquid tempora alias natus eos sint.', 0, 0, '2000-04-09 10:38:20', '2000-09-06 05:02:01');
INSERT INTO `messages` (`id`, `from_user_id`, `to_user_id`, `body`, `is_important`, `is_delivered`, `created_at`, `updated_at`) VALUES (19, 19, 20, 'Qui quibusdam ex nisi dignissimos in maiores sapiente. Maxime natus aut excepturi ab recusandae corrupti. Temporibus veniam inventore ratione aut laboriosam distinctio. Placeat vitae qui suscipit quas.', 0, 1, '2000-01-13 18:21:58', '2000-06-03 05:33:23');
INSERT INTO `messages` (`id`, `from_user_id`, `to_user_id`, `body`, `is_important`, `is_delivered`, `created_at`, `updated_at`) VALUES (20, 20, 88, 'Quia nihil voluptas quos animi aut dolor asperiores. Odio et nihil ut sit repudiandae eligendi cum. Repellat sequi quae fuga ab omnis dolorum.', 1, 0, '2000-04-29 18:53:48', '2000-07-03 14:22:41');
INSERT INTO `messages` (`id`, `from_user_id`, `to_user_id`, `body`, `is_important`, `is_delivered`, `created_at`, `updated_at`) VALUES (21, 21, 58, 'Porro eaque ratione unde ad est. Ut quod atque rerum quia ratione qui molestiae. Ut aut ut error eligendi tempore debitis.', 1, 0, '2000-08-14 01:04:31', '2000-05-18 08:06:40');
INSERT INTO `messages` (`id`, `from_user_id`, `to_user_id`, `body`, `is_important`, `is_delivered`, `created_at`, `updated_at`) VALUES (22, 22, 96, 'Est consectetur rerum est natus assumenda tenetur in. Voluptatem officiis quia et eos voluptas dicta aut. Repellat iure est impedit non debitis.', 0, 0, '2000-04-04 20:42:40', '2000-05-31 17:57:26');
INSERT INTO `messages` (`id`, `from_user_id`, `to_user_id`, `body`, `is_important`, `is_delivered`, `created_at`, `updated_at`) VALUES (23, 23, 2, 'Minus repudiandae sapiente dolores sed. Omnis recusandae deleniti vel consequatur accusantium qui. Voluptatem vero eaque et dolorum. In ut sed consequuntur est laboriosam ut aut.', 1, 0, '2000-02-20 08:36:19', '2000-04-10 19:59:33');
INSERT INTO `messages` (`id`, `from_user_id`, `to_user_id`, `body`, `is_important`, `is_delivered`, `created_at`, `updated_at`) VALUES (24, 24, 47, 'Laboriosam et qui molestiae excepturi. Illo autem nisi consequatur nemo soluta maiores consequuntur. Eligendi earum fugiat quos repellendus. Asperiores consequatur blanditiis nemo sunt autem rem sunt.', 0, 1, '2000-05-06 16:51:56', '2000-06-05 10:14:05');
INSERT INTO `messages` (`id`, `from_user_id`, `to_user_id`, `body`, `is_important`, `is_delivered`, `created_at`, `updated_at`) VALUES (25, 25, 52, 'Eveniet inventore quod quam sit dolorem minima assumenda. Molestias eligendi tenetur et vel laudantium quibusdam ad nihil. Aut enim repellendus est quaerat deleniti ab. Eius necessitatibus aut et.', 0, 0, '2000-05-02 11:39:56', '2000-10-07 17:03:01');
INSERT INTO `messages` (`id`, `from_user_id`, `to_user_id`, `body`, `is_important`, `is_delivered`, `created_at`, `updated_at`) VALUES (26, 26, 53, 'Ducimus rem facere quisquam voluptatem. Tenetur quas beatae ad et non quisquam possimus. Ducimus eaque et neque voluptatum. Neque ipsa dolorem placeat animi.', 0, 1, '2000-08-29 08:20:09', '2000-11-08 07:55:37');
INSERT INTO `messages` (`id`, `from_user_id`, `to_user_id`, `body`, `is_important`, `is_delivered`, `created_at`, `updated_at`) VALUES (27, 27, 21, 'Libero veniam et aspernatur accusamus eum. Minus non assumenda facilis ut ea aliquam. Ut totam ipsum dolor. Laudantium voluptatum earum velit maxime facere harum aut odio.', 1, 1, '2000-10-01 12:34:18', '2000-11-04 10:58:42');
INSERT INTO `messages` (`id`, `from_user_id`, `to_user_id`, `body`, `is_important`, `is_delivered`, `created_at`, `updated_at`) VALUES (28, 28, 26, 'Et sapiente atque praesentium. Iusto ut minus ipsam nobis. Aperiam consequatur et cumque porro est labore.', 1, 1, '2000-06-15 07:03:04', '2000-07-11 16:42:56');
INSERT INTO `messages` (`id`, `from_user_id`, `to_user_id`, `body`, `is_important`, `is_delivered`, `created_at`, `updated_at`) VALUES (29, 29, 73, 'Molestiae non ea qui dolores at numquam beatae. Et iusto dolor debitis earum.', 1, 1, '2000-12-20 04:40:38', '2000-12-21 07:20:42');
INSERT INTO `messages` (`id`, `from_user_id`, `to_user_id`, `body`, `is_important`, `is_delivered`, `created_at`, `updated_at`) VALUES (30, 30, 92, 'Eaque explicabo delectus et rerum blanditiis ab voluptates. Dolorem voluptas necessitatibus amet quia quis earum ipsum. Voluptas voluptatem dolorem consectetur. Ratione iusto eligendi maiores ut maxime.', 0, 1, '2000-08-21 06:16:19', '2000-04-11 15:15:25');
INSERT INTO `messages` (`id`, `from_user_id`, `to_user_id`, `body`, `is_important`, `is_delivered`, `created_at`, `updated_at`) VALUES (31, 31, 19, 'Sunt corporis cumque vel ipsam qui labore exercitationem. Enim explicabo voluptatum quidem sequi ut deserunt ut. Vel nulla alias possimus et quaerat mollitia assumenda.', 0, 0, '2000-04-12 08:08:38', '2000-11-26 01:01:04');
INSERT INTO `messages` (`id`, `from_user_id`, `to_user_id`, `body`, `is_important`, `is_delivered`, `created_at`, `updated_at`) VALUES (32, 32, 20, 'Natus veritatis itaque veniam error consequatur eum ad. Rerum saepe ut eos similique quia consequatur assumenda.', 0, 1, '2000-02-22 01:04:42', '2000-11-17 08:22:53');
INSERT INTO `messages` (`id`, `from_user_id`, `to_user_id`, `body`, `is_important`, `is_delivered`, `created_at`, `updated_at`) VALUES (33, 33, 98, 'Culpa ut porro laudantium corporis. Laudantium ipsum excepturi amet qui accusantium repellat mollitia quaerat. Veritatis qui accusamus reprehenderit fugit eos. Dignissimos aut illum sint dolor debitis omnis minima.', 0, 1, '2000-10-16 13:40:33', '2000-06-24 11:04:04');
INSERT INTO `messages` (`id`, `from_user_id`, `to_user_id`, `body`, `is_important`, `is_delivered`, `created_at`, `updated_at`) VALUES (34, 34, 14, 'Impedit omnis repellat in sint aperiam. Illum veritatis est mollitia consequatur ipsam. Mollitia quis odit earum possimus.', 1, 1, '2000-01-30 11:55:13', '2000-12-11 05:12:06');
INSERT INTO `messages` (`id`, `from_user_id`, `to_user_id`, `body`, `is_important`, `is_delivered`, `created_at`, `updated_at`) VALUES (35, 35, 51, 'Quasi quis maiores occaecati repellendus itaque beatae aliquam. Qui nihil qui ab voluptatem ipsa. Facere exercitationem hic qui qui.', 0, 1, '2000-08-04 04:09:42', '2000-08-06 11:01:43');
INSERT INTO `messages` (`id`, `from_user_id`, `to_user_id`, `body`, `is_important`, `is_delivered`, `created_at`, `updated_at`) VALUES (36, 36, 33, 'Tempore ea voluptatem culpa voluptatem nemo voluptas. Adipisci nemo autem alias ea labore. Quam quod sit asperiores sit.', 0, 1, '2000-05-20 04:06:03', '2000-08-23 14:59:07');
INSERT INTO `messages` (`id`, `from_user_id`, `to_user_id`, `body`, `is_important`, `is_delivered`, `created_at`, `updated_at`) VALUES (37, 37, 26, 'Consectetur aut est quia. Hic voluptatem sunt tempore incidunt ducimus autem provident. Eius ea tempore qui. Atque molestias facilis pariatur nostrum et aut. Voluptate et perspiciatis voluptatem quos quis voluptatem.', 0, 0, '2000-04-02 12:14:39', '2000-06-11 09:26:57');
INSERT INTO `messages` (`id`, `from_user_id`, `to_user_id`, `body`, `is_important`, `is_delivered`, `created_at`, `updated_at`) VALUES (38, 38, 59, 'Officia sint impedit temporibus tempora minima quia. Animi saepe qui corporis eum ut sint nisi quas. Voluptas fugit quia qui eos et quia est ut. Voluptatem molestiae aut non velit. Non provident mollitia officiis non expedita corporis.', 1, 1, '2000-02-27 10:43:43', '2000-07-29 17:35:48');
INSERT INTO `messages` (`id`, `from_user_id`, `to_user_id`, `body`, `is_important`, `is_delivered`, `created_at`, `updated_at`) VALUES (39, 39, 65, 'Omnis autem est laboriosam est aliquid blanditiis. Ut dolores eos quam. A temporibus exercitationem ut dolorem aperiam et excepturi quos. Odio eum aut laudantium vel.', 1, 0, '2000-03-23 11:43:12', '2000-04-24 22:48:36');
INSERT INTO `messages` (`id`, `from_user_id`, `to_user_id`, `body`, `is_important`, `is_delivered`, `created_at`, `updated_at`) VALUES (40, 40, 59, 'Consequatur consectetur fugiat odio fugit quam. Itaque accusamus et molestiae cum voluptatem ex est et. Quas quod aut rerum voluptatem voluptatem. Sunt nesciunt deserunt iusto amet sint id.', 1, 0, '2000-03-06 15:27:02', '2000-04-24 21:12:57');
INSERT INTO `messages` (`id`, `from_user_id`, `to_user_id`, `body`, `is_important`, `is_delivered`, `created_at`, `updated_at`) VALUES (41, 41, 57, 'Rerum et iure perferendis velit atque eum. Et eum reiciendis officia quo cupiditate odit et. Reiciendis vel quo voluptatem beatae.', 0, 1, '2000-01-03 02:44:05', '2000-03-13 20:08:59');
INSERT INTO `messages` (`id`, `from_user_id`, `to_user_id`, `body`, `is_important`, `is_delivered`, `created_at`, `updated_at`) VALUES (42, 42, 35, 'Hic rerum autem in error et facilis non omnis. Fuga omnis debitis delectus sint aut aut impedit.', 1, 1, '2000-03-30 14:44:06', '2000-06-28 18:51:55');
INSERT INTO `messages` (`id`, `from_user_id`, `to_user_id`, `body`, `is_important`, `is_delivered`, `created_at`, `updated_at`) VALUES (43, 43, 8, 'Voluptate et deleniti voluptatem nulla repudiandae. Veniam molestias quam aliquam quia sunt et sed eos. Labore quo occaecati et et.', 1, 0, '2000-02-28 07:24:07', '2000-04-04 05:00:24');
INSERT INTO `messages` (`id`, `from_user_id`, `to_user_id`, `body`, `is_important`, `is_delivered`, `created_at`, `updated_at`) VALUES (44, 44, 13, 'Architecto exercitationem numquam esse saepe vel ea beatae. Facere voluptatem quod doloremque consectetur quis veritatis.', 1, 0, '2000-12-25 17:37:13', '2000-12-23 08:58:58');
INSERT INTO `messages` (`id`, `from_user_id`, `to_user_id`, `body`, `is_important`, `is_delivered`, `created_at`, `updated_at`) VALUES (45, 45, 77, 'Non nam est voluptas eum. Et suscipit quae sed necessitatibus ratione qui aut. Non nulla rerum qui. Ipsa tenetur aut dolor omnis dignissimos consequatur sit.', 0, 0, '2000-09-09 17:48:36', '2000-07-01 21:50:36');
INSERT INTO `messages` (`id`, `from_user_id`, `to_user_id`, `body`, `is_important`, `is_delivered`, `created_at`, `updated_at`) VALUES (46, 46, 28, 'Vero saepe quia porro temporibus. Vero inventore nulla nam sed et. Neque in officia adipisci vel rerum. Eaque corporis et voluptates et.', 1, 0, '2000-02-02 22:22:31', '2000-01-08 12:05:11');
INSERT INTO `messages` (`id`, `from_user_id`, `to_user_id`, `body`, `is_important`, `is_delivered`, `created_at`, `updated_at`) VALUES (47, 47, 49, 'Aut mollitia quia soluta cum. Ut voluptas earum fugiat ut. Aut odit temporibus repellendus accusamus dignissimos.', 0, 1, '2000-03-24 17:14:15', '2000-06-24 06:17:52');
INSERT INTO `messages` (`id`, `from_user_id`, `to_user_id`, `body`, `is_important`, `is_delivered`, `created_at`, `updated_at`) VALUES (48, 48, 61, 'Quibusdam quasi magni itaque fugiat reiciendis id perspiciatis. Rerum sed voluptas tempore et. Praesentium earum velit non sunt autem sed. Aut aut facere voluptas ut.', 0, 1, '2000-06-21 01:22:23', '2000-10-25 08:16:25');
INSERT INTO `messages` (`id`, `from_user_id`, `to_user_id`, `body`, `is_important`, `is_delivered`, `created_at`, `updated_at`) VALUES (49, 49, 2, 'Voluptas architecto et at eveniet delectus iusto. Quae sint nam alias dignissimos voluptatem ut neque. Soluta culpa molestias consequatur eaque harum. Placeat pariatur voluptate cum id.', 0, 1, '2000-02-14 01:46:28', '2000-12-06 15:59:45');
INSERT INTO `messages` (`id`, `from_user_id`, `to_user_id`, `body`, `is_important`, `is_delivered`, `created_at`, `updated_at`) VALUES (50, 50, 68, 'Maxime iste voluptatem numquam rerum ea quas natus. Ea maiores similique facilis vitae.', 1, 0, '2000-09-21 06:09:33', '2000-06-01 19:13:06');
INSERT INTO `messages` (`id`, `from_user_id`, `to_user_id`, `body`, `is_important`, `is_delivered`, `created_at`, `updated_at`) VALUES (51, 51, 49, 'Consequuntur dolore magnam explicabo aspernatur voluptatem voluptatibus error ipsum. Sit illo odio pariatur cupiditate dicta.', 1, 1, '2000-08-11 13:14:05', '2000-03-28 16:43:40');
INSERT INTO `messages` (`id`, `from_user_id`, `to_user_id`, `body`, `is_important`, `is_delivered`, `created_at`, `updated_at`) VALUES (52, 52, 59, 'Corrupti et quibusdam cumque quod commodi reprehenderit. Quod odit qui et asperiores. Eaque voluptas quis odio qui. Facere deleniti quisquam qui consequatur et velit facilis qui.', 0, 0, '2000-01-08 20:42:47', '2000-12-28 09:02:52');
INSERT INTO `messages` (`id`, `from_user_id`, `to_user_id`, `body`, `is_important`, `is_delivered`, `created_at`, `updated_at`) VALUES (53, 53, 64, 'A ullam delectus voluptatibus magni. Eligendi incidunt libero nostrum id et. Qui aliquam ab ut repudiandae.', 1, 0, '2000-03-24 11:15:06', '2000-02-12 11:04:16');
INSERT INTO `messages` (`id`, `from_user_id`, `to_user_id`, `body`, `is_important`, `is_delivered`, `created_at`, `updated_at`) VALUES (54, 54, 50, 'Quae distinctio autem harum error perspiciatis soluta autem. Ipsa deserunt sunt qui ipsa ab et. Quae fugiat tempore autem nihil quia. Repudiandae aliquid esse mollitia fuga et dignissimos in.', 1, 1, '2000-04-20 17:15:56', '2000-10-07 20:17:32');
INSERT INTO `messages` (`id`, `from_user_id`, `to_user_id`, `body`, `is_important`, `is_delivered`, `created_at`, `updated_at`) VALUES (55, 55, 6, 'Sunt qui et natus distinctio earum consequatur alias. Ab aut sint minima quisquam quibusdam vel.', 0, 1, '2000-03-21 18:36:29', '2000-01-20 05:01:19');
INSERT INTO `messages` (`id`, `from_user_id`, `to_user_id`, `body`, `is_important`, `is_delivered`, `created_at`, `updated_at`) VALUES (56, 56, 15, 'Quidem qui et et cupiditate et. Et voluptatem amet minima aut. Est et molestias veritatis debitis et consequatur exercitationem. Voluptates reiciendis dicta consequatur porro rerum.', 0, 0, '2000-07-13 17:03:25', '2000-08-20 18:59:21');
INSERT INTO `messages` (`id`, `from_user_id`, `to_user_id`, `body`, `is_important`, `is_delivered`, `created_at`, `updated_at`) VALUES (57, 57, 3, 'Distinctio mollitia et est ex. Distinctio illo incidunt sint enim repudiandae quisquam non. Iure autem ducimus qui sit unde amet. Maxime fugiat quia omnis animi.', 0, 1, '2000-04-12 22:04:19', '2000-09-21 01:33:45');
INSERT INTO `messages` (`id`, `from_user_id`, `to_user_id`, `body`, `is_important`, `is_delivered`, `created_at`, `updated_at`) VALUES (58, 58, 26, 'Maiores odit vitae minima nesciunt et. Ea dolorum ipsa vero sed doloribus sunt. Nihil in minima molestiae repellendus.', 0, 1, '2000-10-19 05:07:15', '2000-09-11 06:20:46');
INSERT INTO `messages` (`id`, `from_user_id`, `to_user_id`, `body`, `is_important`, `is_delivered`, `created_at`, `updated_at`) VALUES (59, 59, 40, 'Alias sapiente deserunt magni quam aperiam in rem. Esse quia fugit necessitatibus sunt sit dolorum. Non quas pariatur qui placeat hic nostrum.', 1, 1, '2000-12-22 04:37:36', '2000-05-26 00:49:48');
INSERT INTO `messages` (`id`, `from_user_id`, `to_user_id`, `body`, `is_important`, `is_delivered`, `created_at`, `updated_at`) VALUES (60, 60, 75, 'Magnam quidem suscipit adipisci quae temporibus. Itaque consequatur veritatis est rem iusto. Ad nesciunt et minima modi illum laudantium sint velit. Voluptate debitis quidem sunt qui excepturi illum. Ad laborum vero dolorum in deserunt eaque repellendus veniam.', 0, 1, '2000-02-15 02:29:58', '2000-10-23 20:46:41');
INSERT INTO `messages` (`id`, `from_user_id`, `to_user_id`, `body`, `is_important`, `is_delivered`, `created_at`, `updated_at`) VALUES (61, 61, 17, 'Eos hic soluta consequatur cum. Accusamus minus sed fugit ullam.', 1, 0, '2000-03-23 22:19:33', '2000-11-30 21:24:07');
INSERT INTO `messages` (`id`, `from_user_id`, `to_user_id`, `body`, `is_important`, `is_delivered`, `created_at`, `updated_at`) VALUES (62, 62, 58, 'Corporis et minima dolores voluptate sed. Voluptate eum ullam aliquid optio ea nam voluptate. Molestiae fugit rem quia velit ex est et. Saepe ut quidem sit. Non rerum aut quis ad voluptates.', 0, 1, '2000-04-12 20:15:21', '2000-06-28 04:45:46');
INSERT INTO `messages` (`id`, `from_user_id`, `to_user_id`, `body`, `is_important`, `is_delivered`, `created_at`, `updated_at`) VALUES (63, 63, 95, 'Quisquam architecto maiores hic aut alias. Explicabo molestiae sed laborum. Sint autem rerum autem earum expedita. Incidunt pariatur nostrum tempora voluptate cupiditate. Labore voluptates id neque sit reprehenderit.', 0, 1, '2000-02-29 04:03:27', '2000-03-07 10:48:26');
INSERT INTO `messages` (`id`, `from_user_id`, `to_user_id`, `body`, `is_important`, `is_delivered`, `created_at`, `updated_at`) VALUES (64, 64, 15, 'Omnis tempora enim animi. Quia repellat commodi velit distinctio ea veniam quo.', 0, 1, '2000-07-03 01:50:22', '2000-09-30 11:26:18');
INSERT INTO `messages` (`id`, `from_user_id`, `to_user_id`, `body`, `is_important`, `is_delivered`, `created_at`, `updated_at`) VALUES (65, 65, 72, 'Qui adipisci et fuga dicta non quia voluptatibus. Minima sed atque magni aliquid. Optio architecto voluptatem deserunt ea et perspiciatis reiciendis.', 1, 0, '2000-05-24 02:30:10', '2000-01-29 15:23:15');
INSERT INTO `messages` (`id`, `from_user_id`, `to_user_id`, `body`, `is_important`, `is_delivered`, `created_at`, `updated_at`) VALUES (66, 66, 46, 'Et et a numquam qui repellat. Amet voluptates vel voluptatibus possimus quia possimus. Eum maiores eum dicta vitae.', 0, 1, '2000-04-30 03:52:34', '2000-03-01 09:48:10');
INSERT INTO `messages` (`id`, `from_user_id`, `to_user_id`, `body`, `is_important`, `is_delivered`, `created_at`, `updated_at`) VALUES (67, 67, 47, 'Sapiente est sunt eveniet aperiam non quos quia facilis. Eum magni quia et. Eos porro neque aut necessitatibus maxime assumenda corrupti. Enim enim tempore aut dolores vel.', 1, 0, '2000-10-13 14:54:46', '2000-06-14 15:05:09');
INSERT INTO `messages` (`id`, `from_user_id`, `to_user_id`, `body`, `is_important`, `is_delivered`, `created_at`, `updated_at`) VALUES (68, 68, 97, 'Esse voluptas libero cum aut error. Quo odit in qui voluptatibus aperiam similique a. Fugiat voluptatem ut ut rem cum culpa.', 1, 0, '2000-01-03 14:59:03', '2000-02-11 05:43:19');
INSERT INTO `messages` (`id`, `from_user_id`, `to_user_id`, `body`, `is_important`, `is_delivered`, `created_at`, `updated_at`) VALUES (69, 69, 4, 'Nostrum aliquid repudiandae ratione sunt tempore facilis consequuntur. Vel quam et adipisci sed consequatur. Rerum illo fugiat sit quas expedita. Et et dicta veniam perspiciatis quis.', 1, 0, '2000-05-05 12:54:20', '2000-05-23 21:20:09');
INSERT INTO `messages` (`id`, `from_user_id`, `to_user_id`, `body`, `is_important`, `is_delivered`, `created_at`, `updated_at`) VALUES (70, 70, 11, 'Facilis eos voluptate ipsa porro. Explicabo corporis quaerat repudiandae dolorem facere quis. Aut nesciunt libero qui ut.', 0, 0, '2000-03-16 18:01:43', '2000-08-20 23:09:02');
INSERT INTO `messages` (`id`, `from_user_id`, `to_user_id`, `body`, `is_important`, `is_delivered`, `created_at`, `updated_at`) VALUES (71, 71, 56, 'Ex reiciendis quaerat fuga perspiciatis autem et. Ducimus quis aliquam quis voluptatem sint vel perferendis. Doloribus voluptatibus exercitationem aliquam sit voluptatem quam. Velit dolorem alias ab odit.', 0, 1, '2000-07-31 05:19:53', '2000-12-05 09:24:08');
INSERT INTO `messages` (`id`, `from_user_id`, `to_user_id`, `body`, `is_important`, `is_delivered`, `created_at`, `updated_at`) VALUES (72, 72, 60, 'Aut voluptas dolore nemo nesciunt repellat. Omnis optio ullam consequuntur rerum fugiat asperiores. Eius omnis sit commodi alias iste cum. Recusandae sed iste voluptatem aliquid quasi.', 1, 0, '2000-03-13 00:29:56', '2000-10-31 12:25:49');
INSERT INTO `messages` (`id`, `from_user_id`, `to_user_id`, `body`, `is_important`, `is_delivered`, `created_at`, `updated_at`) VALUES (73, 73, 46, 'Numquam sint unde nemo aut quia doloribus porro. Vitae sunt molestiae excepturi et voluptas vero atque. Ducimus veniam aut eum rem quae qui aut. Culpa qui itaque qui rerum itaque voluptatem nihil.', 1, 0, '2000-12-03 17:01:33', '2000-09-08 23:26:29');
INSERT INTO `messages` (`id`, `from_user_id`, `to_user_id`, `body`, `is_important`, `is_delivered`, `created_at`, `updated_at`) VALUES (74, 74, 63, 'Voluptatem omnis dolorem ipsa voluptas. Minima ipsum velit ea enim harum quisquam. Quibusdam veniam ut rerum est velit mollitia. Nobis enim quo et dignissimos.', 0, 0, '2000-03-04 23:18:40', '2000-06-24 19:47:14');
INSERT INTO `messages` (`id`, `from_user_id`, `to_user_id`, `body`, `is_important`, `is_delivered`, `created_at`, `updated_at`) VALUES (75, 75, 73, 'Non delectus vitae exercitationem sit. Repudiandae provident eos eos aut. Aut illum quia sapiente quia.', 0, 0, '2000-02-23 10:00:09', '2000-06-19 19:28:30');
INSERT INTO `messages` (`id`, `from_user_id`, `to_user_id`, `body`, `is_important`, `is_delivered`, `created_at`, `updated_at`) VALUES (76, 76, 22, 'Fuga autem possimus enim blanditiis aut. Et similique a quo quis. Soluta culpa amet molestias voluptatem temporibus.', 1, 1, '2000-02-28 03:47:55', '2000-09-15 05:13:53');
INSERT INTO `messages` (`id`, `from_user_id`, `to_user_id`, `body`, `is_important`, `is_delivered`, `created_at`, `updated_at`) VALUES (77, 77, 91, 'Reprehenderit deserunt harum itaque odio aut ullam iste non. Quae fuga ut et sapiente similique sed. Odit architecto earum in qui autem. Aut molestias iste commodi. Iure aut et aut libero.', 1, 0, '2000-05-25 18:43:40', '2000-02-25 21:23:32');
INSERT INTO `messages` (`id`, `from_user_id`, `to_user_id`, `body`, `is_important`, `is_delivered`, `created_at`, `updated_at`) VALUES (78, 78, 21, 'Vitae saepe itaque provident ea tenetur. Alias aut qui consectetur consectetur voluptatem inventore. Porro debitis autem et consequuntur cupiditate in dignissimos.', 1, 0, '2000-04-04 21:43:12', '2000-06-30 22:23:45');
INSERT INTO `messages` (`id`, `from_user_id`, `to_user_id`, `body`, `is_important`, `is_delivered`, `created_at`, `updated_at`) VALUES (79, 79, 83, 'Exercitationem molestiae alias quis fugit sit. Eum et ut ab qui. Omnis dolores sed omnis nemo. Eius aut possimus rerum at id aliquid voluptas facere. Reiciendis sint maiores vitae eveniet natus veritatis.', 1, 0, '2000-12-22 08:56:21', '2000-09-13 07:30:54');
INSERT INTO `messages` (`id`, `from_user_id`, `to_user_id`, `body`, `is_important`, `is_delivered`, `created_at`, `updated_at`) VALUES (80, 80, 92, 'Laboriosam inventore iste voluptas blanditiis enim voluptas. Optio pariatur ad non aut inventore velit laborum quis. Quas voluptatem et ea impedit praesentium.', 1, 0, '2000-11-09 18:41:35', '2000-11-20 12:59:36');
INSERT INTO `messages` (`id`, `from_user_id`, `to_user_id`, `body`, `is_important`, `is_delivered`, `created_at`, `updated_at`) VALUES (81, 81, 89, 'Aliquam temporibus magnam nihil ullam fuga nam illum. Suscipit ea sunt eos illo quasi rerum. Est facere tempora totam.', 1, 0, '2000-02-23 15:38:18', '2000-03-13 19:11:16');
INSERT INTO `messages` (`id`, `from_user_id`, `to_user_id`, `body`, `is_important`, `is_delivered`, `created_at`, `updated_at`) VALUES (82, 82, 31, 'Suscipit aliquid mollitia assumenda harum quae. Inventore nemo qui est alias et et rerum iusto. Aliquam provident quae exercitationem architecto et vel dolor. Enim quo labore sit consequuntur illum perspiciatis atque eos.', 1, 0, '2000-06-03 09:14:50', '2000-06-06 09:19:39');
INSERT INTO `messages` (`id`, `from_user_id`, `to_user_id`, `body`, `is_important`, `is_delivered`, `created_at`, `updated_at`) VALUES (83, 83, 51, 'Ut aperiam temporibus provident blanditiis ducimus fugiat. Dolor dolores quia omnis ut dolore officiis. Officia sint cum eum et consequatur sed. Nisi ut quo occaecati rerum sunt et possimus.', 0, 1, '2000-04-28 21:04:26', '2000-12-02 02:01:04');
INSERT INTO `messages` (`id`, `from_user_id`, `to_user_id`, `body`, `is_important`, `is_delivered`, `created_at`, `updated_at`) VALUES (84, 84, 52, 'Et beatae sequi dolores reiciendis iusto iure. Eos qui amet voluptas. Laudantium est eius voluptatem cupiditate tenetur ea.', 0, 0, '2000-06-11 02:45:26', '2000-10-09 22:06:30');
INSERT INTO `messages` (`id`, `from_user_id`, `to_user_id`, `body`, `is_important`, `is_delivered`, `created_at`, `updated_at`) VALUES (85, 85, 81, 'Quaerat laboriosam ad aut aut cupiditate. Cumque laudantium et minus explicabo iste iusto sunt.', 1, 1, '2000-12-24 00:59:19', '2000-12-06 12:13:56');
INSERT INTO `messages` (`id`, `from_user_id`, `to_user_id`, `body`, `is_important`, `is_delivered`, `created_at`, `updated_at`) VALUES (86, 86, 56, 'Dolore perspiciatis impedit minus consequatur labore molestiae quidem. Eum ratione corrupti ut quibusdam doloremque quasi quisquam. Earum similique nesciunt quia sint et.', 1, 0, '2000-04-27 14:19:54', '2000-05-22 10:49:32');
INSERT INTO `messages` (`id`, `from_user_id`, `to_user_id`, `body`, `is_important`, `is_delivered`, `created_at`, `updated_at`) VALUES (87, 87, 67, 'Sint excepturi quo sint consequatur quod qui. Aut quam repellendus qui nobis eum impedit. Adipisci tempora deserunt rerum error non animi voluptas. Ullam eum nemo illo atque rerum.', 0, 0, '2000-05-27 23:52:23', '2000-12-02 10:07:52');
INSERT INTO `messages` (`id`, `from_user_id`, `to_user_id`, `body`, `is_important`, `is_delivered`, `created_at`, `updated_at`) VALUES (88, 88, 83, 'Nesciunt repellat ipsam quibusdam iure. Tempore possimus animi consequuntur nesciunt recusandae. Et voluptas fugit ratione consequatur velit dolor. Aut animi qui aut quam non.', 1, 0, '2000-06-27 18:41:23', '2000-06-17 08:46:02');
INSERT INTO `messages` (`id`, `from_user_id`, `to_user_id`, `body`, `is_important`, `is_delivered`, `created_at`, `updated_at`) VALUES (89, 89, 81, 'Reprehenderit odio omnis qui ad. Rerum facilis provident est laudantium quia quae. Ipsam modi vitae minus autem provident qui.', 1, 0, '2000-03-21 18:07:59', '2000-03-26 02:47:37');
INSERT INTO `messages` (`id`, `from_user_id`, `to_user_id`, `body`, `is_important`, `is_delivered`, `created_at`, `updated_at`) VALUES (90, 90, 7, 'Ea dicta et aut temporibus rerum illum aut. Laborum qui consectetur enim non dolorum optio aut. Et error qui nobis eligendi. Eum perferendis reprehenderit non eos et exercitationem beatae.', 1, 1, '2000-12-25 08:08:50', '2000-05-21 00:05:39');
INSERT INTO `messages` (`id`, `from_user_id`, `to_user_id`, `body`, `is_important`, `is_delivered`, `created_at`, `updated_at`) VALUES (91, 91, 58, 'Dolorum nihil facere veritatis explicabo sapiente vero. Culpa et dicta molestiae dicta et sunt molestiae. Expedita recusandae odio minus et.', 0, 1, '2000-09-25 03:32:21', '2000-05-01 23:12:11');
INSERT INTO `messages` (`id`, `from_user_id`, `to_user_id`, `body`, `is_important`, `is_delivered`, `created_at`, `updated_at`) VALUES (92, 92, 98, 'Suscipit quas reiciendis aut repellat et laboriosam quisquam. Voluptas dolorem nam possimus commodi veniam dignissimos nesciunt similique. Id quia laudantium nulla repellat magnam repellendus consequatur. Nemo atque similique ipsam quisquam quidem aperiam numquam.', 1, 1, '2000-06-11 19:05:01', '2000-09-20 11:21:46');
INSERT INTO `messages` (`id`, `from_user_id`, `to_user_id`, `body`, `is_important`, `is_delivered`, `created_at`, `updated_at`) VALUES (93, 93, 65, 'Consequatur voluptas corrupti aperiam earum quia ullam id. Commodi eum error numquam nisi hic adipisci. Aliquid voluptatem eum veritatis sint accusantium nemo sint.', 0, 0, '2000-05-15 20:13:10', '2000-07-18 13:21:50');
INSERT INTO `messages` (`id`, `from_user_id`, `to_user_id`, `body`, `is_important`, `is_delivered`, `created_at`, `updated_at`) VALUES (94, 94, 53, 'Nihil numquam corrupti architecto velit. Amet et sunt voluptas ratione enim sit. Molestiae enim cum reprehenderit qui.', 1, 0, '2000-06-13 04:36:38', '2000-07-15 19:16:56');
INSERT INTO `messages` (`id`, `from_user_id`, `to_user_id`, `body`, `is_important`, `is_delivered`, `created_at`, `updated_at`) VALUES (95, 95, 12, 'Est asperiores et illo. Placeat itaque dolorem aut eaque. Nulla accusamus esse et nisi optio quo ut. Enim delectus nihil quidem aut beatae rem.', 0, 0, '2000-11-18 22:18:19', '2000-02-06 03:45:40');
INSERT INTO `messages` (`id`, `from_user_id`, `to_user_id`, `body`, `is_important`, `is_delivered`, `created_at`, `updated_at`) VALUES (96, 96, 36, 'Vel alias minima odit error. Ut itaque nesciunt veritatis doloribus delectus consectetur placeat delectus. Et qui cum fugiat voluptatem tempore. Quidem ab exercitationem quasi voluptas. Voluptas quod accusantium alias tempora est tempora nihil minima.', 1, 0, '2000-03-16 17:41:57', '2000-05-31 15:40:55');
INSERT INTO `messages` (`id`, `from_user_id`, `to_user_id`, `body`, `is_important`, `is_delivered`, `created_at`, `updated_at`) VALUES (97, 97, 98, 'Veniam libero nemo dolorem ullam veniam at dolorem. Nesciunt occaecati reprehenderit sed quia aspernatur. Doloremque doloremque non voluptatem numquam delectus omnis et. Voluptatem voluptatem dolore asperiores consectetur nihil quos et.', 0, 0, '2000-02-03 07:39:35', '2000-11-12 03:14:29');
INSERT INTO `messages` (`id`, `from_user_id`, `to_user_id`, `body`, `is_important`, `is_delivered`, `created_at`, `updated_at`) VALUES (98, 98, 58, 'Consectetur laborum nihil et et enim veritatis. In beatae officia voluptas nesciunt sequi. Nisi et et aperiam perspiciatis dolorum.', 0, 0, '2000-12-23 21:04:11', '2000-12-18 21:12:52');
INSERT INTO `messages` (`id`, `from_user_id`, `to_user_id`, `body`, `is_important`, `is_delivered`, `created_at`, `updated_at`) VALUES (99, 99, 33, 'In ipsum et et delectus dolor culpa. Fugit quia non rerum est dignissimos inventore ducimus. Ut nihil excepturi vel.', 1, 1, '2000-11-03 09:31:01', '2000-07-16 16:06:12');
INSERT INTO `messages` (`id`, `from_user_id`, `to_user_id`, `body`, `is_important`, `is_delivered`, `created_at`, `updated_at`) VALUES (100, 100, 1, 'Quam perspiciatis voluptatem dicta sed velit voluptas suscipit deleniti. Exercitationem aut qui adipisci error amet ut. Laboriosam corporis ut expedita consequatur. Nisi expedita repellendus alias earum.', 0, 0, '2000-06-13 14:24:42', '2000-04-22 04:42:00');


#
# TABLE STRUCTURE FOR: post_comments
#

DROP TABLE IF EXISTS `post_comments`;

CREATE TABLE `post_comments` (
  `post_id` int(10) unsigned NOT NULL COMMENT 'Ссылка на публикацию',
  `user_id` int(10) unsigned NOT NULL COMMENT 'Ссылка на автора комментария',
  `body` text COLLATE utf8_unicode_ci NOT NULL COMMENT 'текст комментария',
  `created_at` datetime DEFAULT current_timestamp() COMMENT 'Время создания строки',
  `updated_at` datetime DEFAULT current_timestamp() ON UPDATE current_timestamp() COMMENT 'Время обновления строки',
  PRIMARY KEY (`post_id`,`user_id`) COMMENT 'Составной первичный ключ'
) ENGINE=InnoDB DEFAULT CHARSET=utf8 COLLATE=utf8_unicode_ci COMMENT='Таблица комментариев к публикациям';

INSERT INTO `post_comments` (`post_id`, `user_id`, `body`, `created_at`, `updated_at`) VALUES (1, 1, 'Tenetur doloribus est modi debitis voluptatum. Et deleniti est sint neque. Ea fuga ipsa itaque sequi quo beatae autem. Dolorum iure odio nihil culpa.', '2000-06-19 18:22:42', '2000-12-16 01:57:34');
INSERT INTO `post_comments` (`post_id`, `user_id`, `body`, `created_at`, `updated_at`) VALUES (2, 2, 'Rerum nulla molestiae qui vel enim voluptatem non velit. Assumenda qui labore distinctio ut molestias quisquam labore. Magni facere porro eaque ut.', '2000-05-20 19:38:42', '2000-10-13 21:04:43');
INSERT INTO `post_comments` (`post_id`, `user_id`, `body`, `created_at`, `updated_at`) VALUES (3, 3, 'Aut deleniti excepturi sint vel iusto. Aut nobis et harum sit ratione. Aliquam nulla qui earum at enim ut perspiciatis. Suscipit voluptatibus velit dolores similique.', '2000-10-20 04:51:47', '2000-02-08 03:15:26');
INSERT INTO `post_comments` (`post_id`, `user_id`, `body`, `created_at`, `updated_at`) VALUES (4, 4, 'Est modi reiciendis distinctio delectus cumque. Nihil minima et quis dolores nam accusamus quas. Eaque et sapiente eligendi omnis recusandae.', '2000-04-02 21:30:36', '2000-06-08 23:50:45');
INSERT INTO `post_comments` (`post_id`, `user_id`, `body`, `created_at`, `updated_at`) VALUES (5, 5, 'Qui error alias qui et quia et. Dolores voluptatem necessitatibus et voluptatibus eum nobis. Tenetur ut sed aperiam consequuntur.', '2000-02-07 05:10:50', '2000-06-23 23:42:23');
INSERT INTO `post_comments` (`post_id`, `user_id`, `body`, `created_at`, `updated_at`) VALUES (6, 6, 'Natus atque aliquid qui saepe. Excepturi adipisci similique et voluptatem rerum. Natus sit pariatur inventore.', '2000-07-10 02:39:33', '2000-07-12 05:02:29');
INSERT INTO `post_comments` (`post_id`, `user_id`, `body`, `created_at`, `updated_at`) VALUES (7, 7, 'Soluta necessitatibus et similique sed reiciendis. Consequatur quasi aut voluptatem similique totam quod. Officia sit nostrum optio perferendis eos quod ut. Voluptatem sed ut autem aut impedit et.', '2000-06-25 03:46:38', '2000-10-22 14:37:18');
INSERT INTO `post_comments` (`post_id`, `user_id`, `body`, `created_at`, `updated_at`) VALUES (8, 8, 'Et alias quisquam explicabo consectetur modi facilis. Quibusdam eveniet quasi deserunt velit soluta.', '2000-07-17 09:12:59', '2000-10-18 15:23:52');
INSERT INTO `post_comments` (`post_id`, `user_id`, `body`, `created_at`, `updated_at`) VALUES (9, 9, 'Eligendi voluptatem ullam iure sunt deserunt eos molestiae labore. Quo repellat ad pariatur dolor voluptatem magni voluptate ut.', '2000-11-12 19:14:48', '2000-06-04 01:47:07');
INSERT INTO `post_comments` (`post_id`, `user_id`, `body`, `created_at`, `updated_at`) VALUES (10, 10, 'Corrupti minus rerum facilis dicta. Sunt sed quasi necessitatibus velit magni sit ratione autem. Occaecati aliquid quis consequatur corrupti aliquam. Tempora minima quo distinctio similique minus.', '2000-02-28 05:14:02', '2000-06-25 17:28:45');
INSERT INTO `post_comments` (`post_id`, `user_id`, `body`, `created_at`, `updated_at`) VALUES (11, 11, 'Officiis ea dolorem totam debitis enim autem ut. Eum vitae eos temporibus neque enim esse explicabo. Deleniti qui repellendus omnis ipsam dicta nisi.', '2000-01-19 23:34:26', '2000-09-01 08:57:35');
INSERT INTO `post_comments` (`post_id`, `user_id`, `body`, `created_at`, `updated_at`) VALUES (12, 12, 'Quia sit vitae dolores et rerum. Id tenetur natus illo. Fuga sit et voluptatem possimus similique.', '2000-10-20 02:07:19', '2000-03-15 19:02:24');
INSERT INTO `post_comments` (`post_id`, `user_id`, `body`, `created_at`, `updated_at`) VALUES (13, 13, 'Beatae non voluptates et ea eum. Qui magnam autem pariatur neque repellendus corporis et id. Eaque voluptatum blanditiis qui quis nihil sit. Sed quaerat sit repellat qui itaque.', '2000-03-16 02:22:00', '2000-09-26 13:53:10');
INSERT INTO `post_comments` (`post_id`, `user_id`, `body`, `created_at`, `updated_at`) VALUES (14, 14, 'Odio consequatur sapiente omnis labore distinctio. Magni consequatur quis ut reprehenderit provident et et. Est nostrum labore quibusdam voluptate. Occaecati amet dolore magni tempora doloremque nihil similique.', '2000-05-06 23:29:05', '2000-04-18 07:11:52');
INSERT INTO `post_comments` (`post_id`, `user_id`, `body`, `created_at`, `updated_at`) VALUES (15, 15, 'Reprehenderit et ea vero voluptate suscipit optio rerum ut. Laudantium repellendus exercitationem a veritatis asperiores ipsa est. Beatae temporibus quis consequatur est tempore.', '2000-11-13 18:14:10', '2000-01-18 20:22:31');
INSERT INTO `post_comments` (`post_id`, `user_id`, `body`, `created_at`, `updated_at`) VALUES (16, 16, 'Ipsam dolor ipsa ex consequatur nulla doloremque. Molestiae sit dolor et qui repudiandae. Incidunt et consequuntur ad voluptas qui quia. Tempore magnam voluptatibus possimus quisquam ut voluptates non.', '2000-07-02 07:18:01', '2000-11-07 18:15:24');
INSERT INTO `post_comments` (`post_id`, `user_id`, `body`, `created_at`, `updated_at`) VALUES (17, 17, 'Nobis in ducimus iure ut laboriosam qui. Quam et reprehenderit velit aut. Accusamus quibusdam officiis sint deleniti ducimus odit ea nam. Unde et nihil quia facilis et.', '2000-12-25 12:24:31', '2000-10-06 12:37:14');
INSERT INTO `post_comments` (`post_id`, `user_id`, `body`, `created_at`, `updated_at`) VALUES (18, 18, 'Eius quam ut ut voluptatum. Est veritatis quis dolore aut fuga. Dolor qui delectus aliquid aliquid tempora.', '2000-03-21 02:42:15', '2000-03-29 20:23:46');
INSERT INTO `post_comments` (`post_id`, `user_id`, `body`, `created_at`, `updated_at`) VALUES (19, 19, 'Quidem voluptatem quis autem esse adipisci. Aperiam consequatur quo dolores soluta. Sit ut et vero consequatur est et vitae. Libero sed doloremque nisi consequatur dolorem nam.', '2000-02-08 00:41:45', '2000-01-18 21:29:52');
INSERT INTO `post_comments` (`post_id`, `user_id`, `body`, `created_at`, `updated_at`) VALUES (20, 20, 'Dolore voluptatem autem eligendi qui assumenda sit dicta. Qui ducimus laboriosam nihil repellat nesciunt placeat. Voluptatibus vitae eveniet ut possimus est fuga autem fugit. Vel et sed sapiente totam aut nobis.', '2000-02-14 06:37:42', '2000-12-25 22:02:58');
INSERT INTO `post_comments` (`post_id`, `user_id`, `body`, `created_at`, `updated_at`) VALUES (21, 21, 'Debitis vel repellendus excepturi. Deleniti inventore qui modi optio. Consequatur architecto qui aperiam.', '2000-09-04 02:32:31', '2000-11-12 22:58:14');
INSERT INTO `post_comments` (`post_id`, `user_id`, `body`, `created_at`, `updated_at`) VALUES (22, 22, 'Soluta quia repudiandae recusandae qui. Assumenda tempore consequatur quo aut et. Temporibus laborum et cupiditate mollitia. Et voluptatem temporibus maiores laboriosam.', '2000-01-29 06:53:49', '2000-01-24 06:44:13');
INSERT INTO `post_comments` (`post_id`, `user_id`, `body`, `created_at`, `updated_at`) VALUES (23, 23, 'Et facere sunt ut qui omnis deleniti. Ipsum odio quia eveniet ipsam explicabo est veniam. Ut totam quia quia quisquam similique enim asperiores qui.', '2000-01-08 07:49:53', '2000-05-26 22:47:36');
INSERT INTO `post_comments` (`post_id`, `user_id`, `body`, `created_at`, `updated_at`) VALUES (24, 24, 'Ea doloremque distinctio ut nisi tempore quo molestiae. Officia optio est doloribus. Quia eum cum et explicabo sapiente suscipit alias.', '2000-12-15 07:58:30', '2000-11-29 13:28:10');
INSERT INTO `post_comments` (`post_id`, `user_id`, `body`, `created_at`, `updated_at`) VALUES (25, 25, 'Cupiditate vel est est numquam adipisci. Et ratione tempore sed aut et. Hic enim sequi illo eveniet et ut voluptatem.', '2000-03-14 02:51:38', '2000-01-19 08:53:26');
INSERT INTO `post_comments` (`post_id`, `user_id`, `body`, `created_at`, `updated_at`) VALUES (26, 26, 'Veniam autem omnis inventore ea optio. Odio libero dignissimos iusto dignissimos numquam similique. Repellendus nihil maiores officia quidem doloribus et.', '2000-05-20 21:19:18', '2000-12-13 14:19:45');
INSERT INTO `post_comments` (`post_id`, `user_id`, `body`, `created_at`, `updated_at`) VALUES (27, 27, 'Dolor aut velit minima exercitationem modi sit maxime ab. Amet est corporis animi. Quibusdam qui sequi maxime qui et. Asperiores dolore possimus voluptatem quam sequi.', '2000-12-14 19:13:20', '2000-07-25 00:01:16');
INSERT INTO `post_comments` (`post_id`, `user_id`, `body`, `created_at`, `updated_at`) VALUES (28, 28, 'Laudantium molestiae assumenda sint similique. Facilis aspernatur inventore quo iure. Et molestias officiis eum qui voluptatem laborum nisi. Soluta et eos sit ea cupiditate unde consequuntur.', '2000-04-17 07:12:53', '2000-04-13 11:25:32');
INSERT INTO `post_comments` (`post_id`, `user_id`, `body`, `created_at`, `updated_at`) VALUES (29, 29, 'Occaecati itaque perspiciatis animi voluptas expedita dolores. Quo incidunt nisi voluptas sed. Error eaque blanditiis necessitatibus aut itaque aperiam. Omnis ad soluta ut autem quo quod et.', '2000-05-14 01:28:14', '2000-09-21 11:54:44');
INSERT INTO `post_comments` (`post_id`, `user_id`, `body`, `created_at`, `updated_at`) VALUES (30, 30, 'Voluptas suscipit sed blanditiis suscipit vero. Amet cum aut dolores tempore. Autem voluptatem qui vel.', '2000-03-31 11:28:08', '2000-04-26 10:23:58');
INSERT INTO `post_comments` (`post_id`, `user_id`, `body`, `created_at`, `updated_at`) VALUES (31, 31, 'Voluptatum sint ut voluptatem eaque et magni ullam. Aspernatur quas et numquam. Ad excepturi ab eos saepe nobis. Qui deserunt perferendis sapiente sequi qui qui qui ab.', '2000-08-10 09:13:25', '2000-01-31 22:56:41');
INSERT INTO `post_comments` (`post_id`, `user_id`, `body`, `created_at`, `updated_at`) VALUES (32, 32, 'Ea tempore maxime consectetur unde temporibus nobis aut. Ducimus quibusdam dolores dolores quo molestias. Eius consequatur ratione ut ratione et aut.', '2000-04-25 19:06:53', '2000-10-08 05:00:37');
INSERT INTO `post_comments` (`post_id`, `user_id`, `body`, `created_at`, `updated_at`) VALUES (33, 33, 'Quis repellendus molestiae placeat aut deserunt qui dignissimos. Explicabo et dolorum nesciunt ipsa est in. Libero quas doloribus laudantium accusamus et expedita a. Omnis et omnis quis ut fugit nisi molestiae.', '2000-02-10 00:17:33', '2000-04-15 03:53:18');
INSERT INTO `post_comments` (`post_id`, `user_id`, `body`, `created_at`, `updated_at`) VALUES (34, 34, 'Temporibus esse ut molestiae dolor. Sapiente voluptatem ut possimus cupiditate ut possimus et. Qui quis non vitae eaque modi. Optio quia sunt veritatis omnis ea.', '2000-12-31 05:16:32', '2000-09-04 13:57:45');
INSERT INTO `post_comments` (`post_id`, `user_id`, `body`, `created_at`, `updated_at`) VALUES (35, 35, 'Vel temporibus ipsum nihil magni deleniti atque. Aut minus ullam expedita ut.', '2000-03-31 23:52:21', '2000-01-13 09:08:22');
INSERT INTO `post_comments` (`post_id`, `user_id`, `body`, `created_at`, `updated_at`) VALUES (36, 36, 'Ut sed soluta ipsa. Tempore placeat voluptas eligendi provident et esse. Ut aut veritatis magni et quas unde. Libero labore dolore molestias.', '2000-06-28 00:05:00', '2000-08-19 10:04:40');
INSERT INTO `post_comments` (`post_id`, `user_id`, `body`, `created_at`, `updated_at`) VALUES (37, 37, 'Error ut qui et aut iste rerum. Nostrum provident itaque nulla est necessitatibus reprehenderit sequi. Ad qui aspernatur neque excepturi rerum provident molestiae. Veritatis voluptate vero qui modi.', '2000-11-12 04:31:48', '2000-09-17 11:48:31');
INSERT INTO `post_comments` (`post_id`, `user_id`, `body`, `created_at`, `updated_at`) VALUES (38, 38, 'Sunt earum enim itaque reprehenderit sed quo distinctio. Quibusdam nostrum dolores voluptatem a cupiditate. Voluptatibus quo atque et cumque asperiores quia. Harum est sunt rerum et aperiam nihil.', '2000-08-13 08:24:20', '2000-10-15 23:52:32');
INSERT INTO `post_comments` (`post_id`, `user_id`, `body`, `created_at`, `updated_at`) VALUES (39, 39, 'Quas ipsum beatae excepturi sapiente. Minima ut et aut maiores. Aut nihil libero quasi alias. Vel temporibus eius nostrum.', '2000-06-10 06:42:36', '2000-01-10 23:48:07');
INSERT INTO `post_comments` (`post_id`, `user_id`, `body`, `created_at`, `updated_at`) VALUES (40, 40, 'Fugit vitae sit eum tempore corporis. Sed dicta nemo sit suscipit deleniti natus. Optio cupiditate iste officia et mollitia.', '2000-08-06 09:21:42', '2000-07-30 10:02:57');
INSERT INTO `post_comments` (`post_id`, `user_id`, `body`, `created_at`, `updated_at`) VALUES (41, 41, 'Et quasi rem quidem eligendi. Aut enim autem dolorem minus reiciendis. Qui enim quis sed excepturi magni nesciunt facilis. Libero voluptate est dolores dignissimos.', '2000-08-18 04:14:07', '2000-11-04 03:32:52');
INSERT INTO `post_comments` (`post_id`, `user_id`, `body`, `created_at`, `updated_at`) VALUES (42, 42, 'Expedita eligendi provident non saepe voluptatem. Saepe necessitatibus rem odit labore reiciendis necessitatibus dolores praesentium. Blanditiis repellat qui esse nam nobis porro ratione.', '2000-12-28 16:30:16', '2000-03-03 12:00:20');
INSERT INTO `post_comments` (`post_id`, `user_id`, `body`, `created_at`, `updated_at`) VALUES (43, 43, 'Omnis itaque corrupti labore natus voluptas et illum. Ut non inventore amet. Quis sit voluptatem vel suscipit esse quo consectetur.', '2000-02-08 13:03:19', '2000-10-28 18:01:30');
INSERT INTO `post_comments` (`post_id`, `user_id`, `body`, `created_at`, `updated_at`) VALUES (44, 44, 'Est distinctio molestiae eveniet id saepe magnam voluptatibus. Qui laudantium vero voluptas deserunt consectetur. Odit voluptatibus odit sit.', '2000-08-11 16:08:27', '2000-10-09 15:27:10');
INSERT INTO `post_comments` (`post_id`, `user_id`, `body`, `created_at`, `updated_at`) VALUES (45, 45, 'Officia omnis quia itaque ipsa et aut. Earum culpa dolorem magni voluptas quos laborum consequatur. Sequi quis atque dicta ut.', '2000-10-18 14:52:28', '2000-12-20 18:48:58');
INSERT INTO `post_comments` (`post_id`, `user_id`, `body`, `created_at`, `updated_at`) VALUES (46, 46, 'Voluptatem ipsam eius tenetur libero dolores enim assumenda. Minima consequatur temporibus optio dolore earum quia eveniet. Deleniti architecto deleniti sunt labore voluptatem modi autem. Beatae ut rerum dicta neque nesciunt.', '2000-05-27 22:57:20', '2000-09-28 13:45:05');
INSERT INTO `post_comments` (`post_id`, `user_id`, `body`, `created_at`, `updated_at`) VALUES (47, 47, 'Voluptas possimus atque voluptatem est dolor. Sint aperiam at aut cum quidem nihil ab molestias. Odio quaerat aut qui eos voluptatem explicabo. Est ut vero iure dolor fugiat.', '2000-10-26 15:32:59', '2000-02-15 07:36:54');
INSERT INTO `post_comments` (`post_id`, `user_id`, `body`, `created_at`, `updated_at`) VALUES (48, 48, 'Ipsum hic in magnam qui quasi at quas. Magni qui fugit sunt quia earum ut et. Rem incidunt et sit fuga. Possimus odit asperiores culpa perferendis provident.', '2000-12-11 16:09:35', '2000-08-26 17:42:47');
INSERT INTO `post_comments` (`post_id`, `user_id`, `body`, `created_at`, `updated_at`) VALUES (49, 49, 'Vel illum fugiat non harum enim. Quidem dolorem sapiente quis voluptates tempora odio. Aliquam a eius consectetur. Aperiam rerum porro ex ducimus vel nostrum.', '2000-06-28 13:37:16', '2000-05-17 19:24:16');
INSERT INTO `post_comments` (`post_id`, `user_id`, `body`, `created_at`, `updated_at`) VALUES (50, 50, 'Deserunt repellat ducimus laborum occaecati distinctio est nam. Cupiditate totam et aliquid maxime enim.', '2000-01-07 03:34:46', '2000-03-26 01:33:27');
INSERT INTO `post_comments` (`post_id`, `user_id`, `body`, `created_at`, `updated_at`) VALUES (51, 51, 'Et nisi est nulla culpa quae quod delectus. Velit facere similique ipsum et possimus officiis aliquid. Reiciendis amet sit beatae assumenda quis laborum perspiciatis. Animi aspernatur et consequuntur amet ullam.', '2000-02-18 00:27:51', '2000-08-10 20:22:01');
INSERT INTO `post_comments` (`post_id`, `user_id`, `body`, `created_at`, `updated_at`) VALUES (52, 52, 'Consequatur ad recusandae dicta consequuntur. Vitae voluptas ut sequi fuga. Unde perspiciatis corporis quibusdam suscipit aut magnam ipsum.', '2000-06-21 07:04:39', '2000-10-08 09:42:55');
INSERT INTO `post_comments` (`post_id`, `user_id`, `body`, `created_at`, `updated_at`) VALUES (53, 53, 'Adipisci sit eaque voluptatibus doloribus. Ex rem aperiam occaecati doloribus aut molestias.', '2000-09-21 15:46:53', '2000-03-15 00:32:33');
INSERT INTO `post_comments` (`post_id`, `user_id`, `body`, `created_at`, `updated_at`) VALUES (54, 54, 'Consequatur aliquam quia in animi. Ut dolores voluptas consequatur doloribus eveniet. Rerum pariatur ipsa culpa. Est praesentium officiis officiis et quisquam porro qui.', '2000-02-08 03:02:11', '2000-05-18 05:53:43');
INSERT INTO `post_comments` (`post_id`, `user_id`, `body`, `created_at`, `updated_at`) VALUES (55, 55, 'Voluptas dicta sequi repellat odit repellat. Similique excepturi ratione ad vitae maiores. Illum aut quas eos vitae recusandae error sequi.', '2000-10-29 18:26:16', '2000-10-15 01:44:28');
INSERT INTO `post_comments` (`post_id`, `user_id`, `body`, `created_at`, `updated_at`) VALUES (56, 56, 'Nobis earum magni et numquam. Cum amet voluptas provident similique aut. Totam minus magni voluptas ut et omnis. Minima eaque delectus neque repellat tenetur deleniti nihil.', '2000-12-13 17:29:56', '2000-10-16 17:41:36');
INSERT INTO `post_comments` (`post_id`, `user_id`, `body`, `created_at`, `updated_at`) VALUES (57, 57, 'Amet aut architecto dolorum aperiam ullam sit hic. Eius placeat tempora et asperiores voluptatem deleniti distinctio necessitatibus. Expedita autem blanditiis eaque nesciunt delectus ducimus. Ducimus ex nostrum molestiae quo.', '2000-12-17 18:33:49', '2000-10-27 20:35:35');
INSERT INTO `post_comments` (`post_id`, `user_id`, `body`, `created_at`, `updated_at`) VALUES (58, 58, 'Facilis asperiores incidunt nihil officiis sint officiis. Voluptas doloribus facere aspernatur quaerat vel saepe molestiae. Exercitationem fugit nam eius dignissimos veniam in quod.', '2000-04-22 14:49:08', '2000-11-29 19:37:48');
INSERT INTO `post_comments` (`post_id`, `user_id`, `body`, `created_at`, `updated_at`) VALUES (59, 59, 'Optio pariatur iste nesciunt quia. Id voluptates distinctio dolorem in facilis dolores. Ut harum corporis quisquam debitis. Laudantium vitae quisquam ea consequatur.', '2000-12-12 03:29:30', '2000-08-07 13:09:43');
INSERT INTO `post_comments` (`post_id`, `user_id`, `body`, `created_at`, `updated_at`) VALUES (60, 60, 'Quia et voluptatum libero eos et omnis. Vero tempora asperiores ut omnis. Sequi velit autem quia consequatur rerum est illo. Voluptatem asperiores laudantium quam expedita.', '2000-09-04 12:57:56', '2000-04-19 01:04:22');
INSERT INTO `post_comments` (`post_id`, `user_id`, `body`, `created_at`, `updated_at`) VALUES (61, 61, 'Reiciendis itaque facilis quis voluptatem nesciunt. Repudiandae qui exercitationem eius et laudantium vel velit. Deserunt vel non officiis voluptatem. Vero commodi iure soluta minus voluptatibus aliquid qui sit.', '2000-12-14 13:03:10', '2000-09-24 11:50:54');
INSERT INTO `post_comments` (`post_id`, `user_id`, `body`, `created_at`, `updated_at`) VALUES (62, 62, 'Asperiores quaerat quia illo doloremque iusto dicta et. Eum ut at ea praesentium. Illo quis vero perferendis.', '2000-12-20 21:53:20', '2000-12-24 02:46:50');
INSERT INTO `post_comments` (`post_id`, `user_id`, `body`, `created_at`, `updated_at`) VALUES (63, 63, 'Nam voluptate iste optio alias qui. Asperiores et veritatis nemo necessitatibus. Qui quos et autem et et temporibus suscipit excepturi. Rerum aut praesentium aut consequuntur. Dolorem cupiditate voluptatum dolorum quos.', '2000-06-01 21:35:02', '2000-02-12 04:46:10');
INSERT INTO `post_comments` (`post_id`, `user_id`, `body`, `created_at`, `updated_at`) VALUES (64, 64, 'Ut reprehenderit consequuntur corrupti vitae quis molestiae ut. Ea est quo sequi voluptates magni doloremque.', '2000-07-17 04:10:40', '2000-04-23 22:47:31');
INSERT INTO `post_comments` (`post_id`, `user_id`, `body`, `created_at`, `updated_at`) VALUES (65, 65, 'Quia et voluptatibus nemo ducimus provident. Ipsa fugit mollitia ad quidem iure voluptates libero. Sit est eligendi veniam neque accusamus vitae.', '2000-07-17 21:53:25', '2000-09-29 19:36:07');
INSERT INTO `post_comments` (`post_id`, `user_id`, `body`, `created_at`, `updated_at`) VALUES (66, 66, 'Id ut illo unde aliquam nobis dolores cumque. Voluptatem odio doloremque sapiente. Voluptate aut necessitatibus labore culpa dolor qui error. Qui et libero hic provident iure.', '2000-11-18 17:29:21', '2000-07-07 19:52:04');
INSERT INTO `post_comments` (`post_id`, `user_id`, `body`, `created_at`, `updated_at`) VALUES (67, 67, 'Voluptatum maxime perferendis impedit et et. Eaque nesciunt est quae enim. Voluptatem et quasi aut.', '2000-10-31 11:09:35', '2000-08-27 00:31:28');
INSERT INTO `post_comments` (`post_id`, `user_id`, `body`, `created_at`, `updated_at`) VALUES (68, 68, 'Laborum possimus et error est velit. Exercitationem placeat quia rerum fugit est rerum praesentium. Incidunt expedita qui eius beatae assumenda sit nesciunt eligendi. Eius qui quia et quisquam.', '2000-05-13 19:23:31', '2000-11-29 01:32:46');
INSERT INTO `post_comments` (`post_id`, `user_id`, `body`, `created_at`, `updated_at`) VALUES (69, 69, 'Sint velit consequatur quis. Consequatur facere quasi praesentium enim delectus aut. Labore ea consequatur earum similique.', '2000-04-05 01:32:49', '2000-12-22 03:01:05');
INSERT INTO `post_comments` (`post_id`, `user_id`, `body`, `created_at`, `updated_at`) VALUES (70, 70, 'Dolorem nemo voluptas dolore sint eveniet iusto. In nihil ea molestiae non labore. Assumenda facere aspernatur error. Tempora quia neque aliquid. Illum et sunt eos deleniti est.', '2000-12-22 18:10:36', '2000-10-29 01:36:58');
INSERT INTO `post_comments` (`post_id`, `user_id`, `body`, `created_at`, `updated_at`) VALUES (71, 71, 'Iure repudiandae deserunt ipsam accusamus iste id nihil consectetur. Illum consequatur impedit et temporibus cum deserunt sunt. Ut sint et laborum totam provident tenetur.', '2000-06-24 18:05:23', '2000-01-26 12:35:01');
INSERT INTO `post_comments` (`post_id`, `user_id`, `body`, `created_at`, `updated_at`) VALUES (72, 72, 'Amet consequatur ab delectus rerum qui autem. Dolores dolorem sunt aperiam quasi enim expedita aut. Aut saepe veritatis atque maiores sunt non ut facere.', '2000-02-01 03:21:30', '2000-12-12 11:35:49');
INSERT INTO `post_comments` (`post_id`, `user_id`, `body`, `created_at`, `updated_at`) VALUES (73, 73, 'Eius quo cupiditate reprehenderit iure. Nostrum adipisci aliquid molestiae quis quos dolore. Nisi architecto maxime pariatur dolor ullam sit. Sequi neque porro sint ducimus suscipit omnis ad dolorum. In labore facere debitis est.', '2000-11-27 08:07:40', '2000-03-10 21:57:33');
INSERT INTO `post_comments` (`post_id`, `user_id`, `body`, `created_at`, `updated_at`) VALUES (74, 74, 'Autem quisquam soluta deserunt aut eos et et. Sequi sed et sed rerum rerum. Et ipsa voluptatem reiciendis placeat quis non. Incidunt omnis dolorem voluptatibus consequatur.', '2000-07-25 09:51:37', '2000-02-25 23:26:38');
INSERT INTO `post_comments` (`post_id`, `user_id`, `body`, `created_at`, `updated_at`) VALUES (75, 75, 'Et possimus aut consequatur totam. Enim consectetur tempora unde. Iusto sed architecto molestias sint aspernatur.', '2000-10-08 15:56:56', '2000-08-06 01:58:25');
INSERT INTO `post_comments` (`post_id`, `user_id`, `body`, `created_at`, `updated_at`) VALUES (76, 76, 'Laboriosam aut est ut voluptatem autem est consequatur. Tenetur neque ipsa ad a sed dolorem. Quisquam non et occaecati dignissimos aliquam. Fugiat possimus eos est.', '2000-04-27 20:04:33', '2000-01-28 10:03:05');
INSERT INTO `post_comments` (`post_id`, `user_id`, `body`, `created_at`, `updated_at`) VALUES (77, 77, 'Enim magnam quod enim dolor accusantium. Quam quae et necessitatibus cupiditate aspernatur aut. Repellat necessitatibus rerum exercitationem ut sit.', '2000-01-12 04:05:13', '2000-11-13 11:10:34');
INSERT INTO `post_comments` (`post_id`, `user_id`, `body`, `created_at`, `updated_at`) VALUES (78, 78, 'Nostrum velit aut tempore est tenetur laborum minus. Temporibus molestiae optio qui et quos repellat. Quo eos quae reprehenderit voluptates mollitia est ut architecto. Veniam est sit non sint et est.', '2000-12-25 09:06:58', '2000-10-24 08:53:11');
INSERT INTO `post_comments` (`post_id`, `user_id`, `body`, `created_at`, `updated_at`) VALUES (79, 79, 'Quo placeat eos quasi quo dicta qui. Enim sed dicta harum enim. Maxime voluptas eos architecto cupiditate aliquam beatae.', '2000-04-02 06:31:01', '2000-07-15 23:54:15');
INSERT INTO `post_comments` (`post_id`, `user_id`, `body`, `created_at`, `updated_at`) VALUES (80, 80, 'Dolorem reprehenderit et exercitationem iste est in voluptates. Laudantium dolor sit laudantium ducimus voluptas. Molestiae eligendi et nulla impedit. Non rerum maiores assumenda pariatur.', '2000-01-28 11:40:13', '2000-10-13 10:23:35');
INSERT INTO `post_comments` (`post_id`, `user_id`, `body`, `created_at`, `updated_at`) VALUES (81, 81, 'Aut eum quia est est occaecati est fugiat neque. Quasi optio facilis voluptatem ex suscipit. Sunt itaque corrupti laboriosam officiis qui ipsum.', '2000-11-28 20:52:21', '2000-12-01 20:01:29');
INSERT INTO `post_comments` (`post_id`, `user_id`, `body`, `created_at`, `updated_at`) VALUES (82, 82, 'Quis nemo officiis aut saepe. Consequatur temporibus earum aliquid aut. Officia aut corrupti quae.', '2000-07-22 04:53:25', '2000-02-05 06:16:57');
INSERT INTO `post_comments` (`post_id`, `user_id`, `body`, `created_at`, `updated_at`) VALUES (83, 83, 'Ut aperiam et optio molestias. Ipsam neque blanditiis sit et architecto rem. Aut et dolorem eaque adipisci sequi. Explicabo sequi nostrum quia soluta.', '2000-09-29 02:35:13', '2000-02-02 12:57:55');
INSERT INTO `post_comments` (`post_id`, `user_id`, `body`, `created_at`, `updated_at`) VALUES (84, 84, 'Cupiditate qui ut voluptatem. Qui iusto ea officia sed repellat. Delectus qui labore sit qui fugiat sapiente. Libero ea et eligendi vero autem.', '2000-06-04 18:31:03', '2000-09-27 21:24:34');
INSERT INTO `post_comments` (`post_id`, `user_id`, `body`, `created_at`, `updated_at`) VALUES (85, 85, 'Ipsum sed natus sed sed aliquid. Omnis perspiciatis rem possimus nihil laudantium. Rerum et repellat minus enim soluta laboriosam in quidem. Voluptatem perspiciatis explicabo et fugiat unde praesentium repellat.', '2000-11-15 15:53:44', '2000-12-11 00:26:08');
INSERT INTO `post_comments` (`post_id`, `user_id`, `body`, `created_at`, `updated_at`) VALUES (86, 86, 'Qui eius id harum optio autem maxime. Qui error dolores voluptas culpa repellat. Molestiae harum optio sed accusamus officiis.', '2000-03-01 01:02:41', '2000-01-02 13:50:50');
INSERT INTO `post_comments` (`post_id`, `user_id`, `body`, `created_at`, `updated_at`) VALUES (87, 87, 'Quis ullam dolorem non consequatur et assumenda et. Libero quis fugit iusto pariatur dicta. Dolore maiores asperiores quia veritatis fugiat deleniti libero. Dignissimos nam enim id.', '2000-11-27 00:04:38', '2000-11-08 15:27:01');
INSERT INTO `post_comments` (`post_id`, `user_id`, `body`, `created_at`, `updated_at`) VALUES (88, 88, 'Quis facere velit quam modi quisquam illo. Ea et aut pariatur iste iure maiores. Provident nemo labore non consequatur consequatur sed vel doloribus. Officiis facere non nulla labore perferendis labore.', '2000-02-10 03:08:07', '2000-01-09 04:04:33');
INSERT INTO `post_comments` (`post_id`, `user_id`, `body`, `created_at`, `updated_at`) VALUES (89, 89, 'Laudantium ut itaque perspiciatis soluta. Facilis magnam velit voluptas qui vitae. Quia velit magnam consequatur.', '2000-10-20 22:04:56', '2000-03-30 06:23:30');
INSERT INTO `post_comments` (`post_id`, `user_id`, `body`, `created_at`, `updated_at`) VALUES (90, 90, 'Labore dolore in tenetur necessitatibus mollitia. Repudiandae sequi nisi laudantium ratione eligendi repellat. Et nam sed repudiandae incidunt magni illum repellat.', '2000-08-25 12:24:22', '2000-03-31 09:30:20');
INSERT INTO `post_comments` (`post_id`, `user_id`, `body`, `created_at`, `updated_at`) VALUES (91, 91, 'Dolorem aut quis est fuga veritatis. Quia non tempore maiores sit non est rerum eos. Dicta nam quis omnis explicabo ipsum atque corporis. Quia ea consequatur voluptatem sed et ut aliquam.', '2000-08-03 20:29:36', '2000-02-10 23:00:00');
INSERT INTO `post_comments` (`post_id`, `user_id`, `body`, `created_at`, `updated_at`) VALUES (92, 92, 'Cumque consectetur quis distinctio vitae voluptatem laudantium. Repellendus facilis dolorum doloremque et saepe eveniet ex. Sed est ea enim ipsum et perspiciatis.', '2000-10-29 06:24:19', '2000-07-20 03:49:02');
INSERT INTO `post_comments` (`post_id`, `user_id`, `body`, `created_at`, `updated_at`) VALUES (93, 93, 'Veniam laboriosam perferendis quibusdam magnam a iusto odit. Laudantium enim incidunt ut sit quod alias ut. Alias ut vero sint asperiores et eaque sunt.', '2000-10-29 15:53:45', '2000-04-25 23:54:46');
INSERT INTO `post_comments` (`post_id`, `user_id`, `body`, `created_at`, `updated_at`) VALUES (94, 94, 'Aliquam qui suscipit aliquid et voluptatem aut eius. Eos nulla facere quis architecto officiis. Laudantium unde distinctio velit sunt. Voluptatem distinctio deserunt optio inventore. Numquam quis quidem id quasi omnis.', '2000-11-11 22:10:54', '2000-07-03 22:17:38');
INSERT INTO `post_comments` (`post_id`, `user_id`, `body`, `created_at`, `updated_at`) VALUES (95, 95, 'Dolorem in fugiat voluptatem eligendi necessitatibus. Beatae quaerat nemo aliquam inventore accusantium. Qui sed est amet velit delectus cumque.', '2000-12-29 13:36:34', '2000-03-24 20:50:26');
INSERT INTO `post_comments` (`post_id`, `user_id`, `body`, `created_at`, `updated_at`) VALUES (96, 96, 'Repellendus eaque tempora alias minus unde aut. Repellendus numquam omnis accusamus cumque. Perspiciatis voluptas repellendus officiis voluptatem qui laudantium commodi.', '2000-10-05 07:13:48', '2000-07-17 17:01:04');
INSERT INTO `post_comments` (`post_id`, `user_id`, `body`, `created_at`, `updated_at`) VALUES (97, 97, 'Hic eum tempore nesciunt. Non vero incidunt dicta in iste.', '2000-11-23 18:21:40', '2000-09-21 02:26:27');
INSERT INTO `post_comments` (`post_id`, `user_id`, `body`, `created_at`, `updated_at`) VALUES (98, 98, 'Iure aut voluptas qui facilis reiciendis voluptatem cumque sed. Quis dolorem qui et et quam possimus qui. Sequi veniam in facilis quis.', '2000-02-17 20:04:15', '2000-10-19 06:28:55');
INSERT INTO `post_comments` (`post_id`, `user_id`, `body`, `created_at`, `updated_at`) VALUES (99, 99, 'Tempore debitis nesciunt in veniam rerum sit. Quo fugiat sit sed cupiditate molestiae. Earum illum debitis qui quae totam accusamus repudiandae. Nihil magni atque quia ea enim aut.', '2000-05-18 06:50:32', '2000-05-17 21:27:01');
INSERT INTO `post_comments` (`post_id`, `user_id`, `body`, `created_at`, `updated_at`) VALUES (100, 100, 'Quis doloribus et molestias repellat dolorem totam. Eaque sed sed ipsum totam magnam nostrum. Sint voluptatem repudiandae nam dolore inventore.', '2000-05-01 05:31:28', '2000-10-23 10:49:37');


#
# TABLE STRUCTURE FOR: posts
#

DROP TABLE IF EXISTS `posts`;

CREATE TABLE `posts` (
  `id` int(10) unsigned NOT NULL AUTO_INCREMENT COMMENT 'Идентификатор строки',
  `user_id` int(10) unsigned NOT NULL COMMENT 'ссылка на пользвателя',
  `title` varchar(255) COLLATE utf8_unicode_ci NOT NULL COMMENT 'заголовок',
  `description` text COLLATE utf8_unicode_ci NOT NULL COMMENT 'тело поста',
  `media_type_id` int(11) NOT NULL COMMENT 'ссылка на медиа контент',
  `date` date NOT NULL COMMENT 'дата поста',
  `created_at` datetime DEFAULT current_timestamp() COMMENT 'Время создания строки',
  `updated_at` datetime DEFAULT current_timestamp() ON UPDATE current_timestamp() COMMENT 'Время обновления строки',
  PRIMARY KEY (`id`)
) ENGINE=InnoDB AUTO_INCREMENT=101 DEFAULT CHARSET=utf8 COLLATE=utf8_unicode_ci COMMENT='Публикации';

INSERT INTO `posts` (`id`, `user_id`, `title`, `description`, `media_type_id`, `date`, `created_at`, `updated_at`) VALUES (1, 1, 'Explicabo ratione ad natus tempore praesentium ea quibusdam.', 'Architecto cum et qui aut a. Eaque recusandae repudiandae in cumque. Commodi quo molestias occaecati et aut. Molestiae nam vitae voluptatum est maiores ducimus et.', 1, '2000-06-15', '2000-03-12 03:16:13', '2000-07-09 11:14:19');
INSERT INTO `posts` (`id`, `user_id`, `title`, `description`, `media_type_id`, `date`, `created_at`, `updated_at`) VALUES (2, 2, 'Perspiciatis quisquam quia in quam ipsum quia ea et.', 'Quia provident nihil ut magni similique distinctio. Neque dolore eligendi ab corporis aut eos soluta. Commodi velit voluptate dolor aliquid.', 2, '2000-10-26', '2000-03-02 09:41:42', '2000-05-22 09:29:57');
INSERT INTO `posts` (`id`, `user_id`, `title`, `description`, `media_type_id`, `date`, `created_at`, `updated_at`) VALUES (3, 3, 'Voluptatem consequuntur adipisci facilis dolore reiciendis.', 'Distinctio qui sint cum et pariatur qui neque. Veritatis est nobis doloremque facilis. Delectus sed voluptatem placeat facere asperiores aut nesciunt dolorem.', 3, '2000-07-30', '2000-08-16 23:20:43', '2000-11-17 07:02:11');
INSERT INTO `posts` (`id`, `user_id`, `title`, `description`, `media_type_id`, `date`, `created_at`, `updated_at`) VALUES (4, 4, 'Velit sint quia enim est sunt iusto ut.', 'Amet molestiae eos placeat quidem fugit tenetur quae. Laudantium libero ea adipisci nisi vitae labore. Et aut magnam omnis quasi.', 4, '2000-11-08', '2000-03-18 07:52:29', '2000-08-17 09:23:00');
INSERT INTO `posts` (`id`, `user_id`, `title`, `description`, `media_type_id`, `date`, `created_at`, `updated_at`) VALUES (5, 5, 'Dolor hic aspernatur adipisci architecto.', 'Officiis voluptatem repudiandae repellat ad quia. Quibusdam velit fugit reiciendis iusto nulla molestiae impedit. Blanditiis incidunt et sit eius ipsum suscipit natus similique.', 5, '2000-07-17', '2000-09-19 23:04:21', '2000-09-21 22:33:19');
INSERT INTO `posts` (`id`, `user_id`, `title`, `description`, `media_type_id`, `date`, `created_at`, `updated_at`) VALUES (6, 6, 'Sed omnis rem tempore quis fugiat.', 'Corrupti voluptas quia et possimus ut. Omnis soluta nostrum enim sunt quae sapiente nihil commodi. Ullam facere consequatur veritatis praesentium.', 6, '2000-09-26', '2000-09-08 01:07:31', '2000-12-25 02:36:46');
INSERT INTO `posts` (`id`, `user_id`, `title`, `description`, `media_type_id`, `date`, `created_at`, `updated_at`) VALUES (7, 7, 'Nobis et ut fugiat et impedit consequatur.', 'Unde culpa ut sit neque iure sequi nulla exercitationem. Aperiam nostrum et aspernatur et sit. Tempora sed at commodi optio et. A enim qui sed rem id doloribus. Minima ratione velit consequatur expedita.', 7, '2000-11-28', '2000-08-26 21:39:26', '2000-01-29 05:15:30');
INSERT INTO `posts` (`id`, `user_id`, `title`, `description`, `media_type_id`, `date`, `created_at`, `updated_at`) VALUES (8, 8, 'Velit dolor rerum et velit.', 'Ut est tenetur magni voluptatum. Repellat voluptatem odit qui incidunt repellendus consequuntur eaque.', 8, '2000-10-15', '2000-02-04 14:26:57', '2000-04-02 15:58:17');
INSERT INTO `posts` (`id`, `user_id`, `title`, `description`, `media_type_id`, `date`, `created_at`, `updated_at`) VALUES (9, 9, 'Porro voluptatem dolorum sit rerum est qui quo.', 'Delectus recusandae architecto eum qui molestias et. Exercitationem odio placeat maiores id est. Incidunt facilis sunt dolorem voluptatem. Nisi a qui quos officia praesentium. Modi autem rerum non vitae tenetur nesciunt sunt quos.', 9, '2000-09-05', '2000-12-01 01:11:37', '2000-03-03 18:29:22');
INSERT INTO `posts` (`id`, `user_id`, `title`, `description`, `media_type_id`, `date`, `created_at`, `updated_at`) VALUES (10, 10, 'Sit ut ipsam autem quas error perferendis ipsum hic.', 'Rem libero commodi sunt. Eum in blanditiis necessitatibus cum illo sapiente consequatur. Et sit cupiditate accusantium ullam occaecati mollitia fugit.', 10, '2000-07-25', '2000-06-06 17:10:47', '2000-09-18 21:27:39');
INSERT INTO `posts` (`id`, `user_id`, `title`, `description`, `media_type_id`, `date`, `created_at`, `updated_at`) VALUES (11, 11, 'Fuga quia beatae nobis mollitia.', 'Atque qui et quia ullam commodi. Voluptatem in deserunt officiis ab dolores. Impedit quis nihil praesentium sapiente et optio explicabo.', 1, '2000-09-14', '2000-08-03 06:04:52', '2000-08-21 11:45:00');
INSERT INTO `posts` (`id`, `user_id`, `title`, `description`, `media_type_id`, `date`, `created_at`, `updated_at`) VALUES (12, 12, 'Qui atque id sed eveniet natus omnis quia aut.', 'Et dignissimos recusandae omnis vitae non neque accusantium aperiam. Vel molestiae laborum praesentium.', 2, '2000-05-08', '2000-04-30 10:04:38', '2000-07-01 17:42:55');
INSERT INTO `posts` (`id`, `user_id`, `title`, `description`, `media_type_id`, `date`, `created_at`, `updated_at`) VALUES (13, 13, 'Qui totam ut animi.', 'Soluta optio accusamus laborum et provident beatae non. Doloremque rerum cumque exercitationem illo optio ut doloremque. Dicta voluptatem iste incidunt.', 3, '2000-06-29', '2000-11-27 13:58:02', '2000-08-12 00:52:34');
INSERT INTO `posts` (`id`, `user_id`, `title`, `description`, `media_type_id`, `date`, `created_at`, `updated_at`) VALUES (14, 14, 'Quis blanditiis voluptatibus et expedita.', 'In suscipit et eum vero quis eum tenetur. Dolores magnam sit eveniet ratione exercitationem vel aut. Enim molestiae est commodi minima maiores.', 4, '2000-01-18', '2000-03-04 14:57:45', '2000-06-02 02:23:54');
INSERT INTO `posts` (`id`, `user_id`, `title`, `description`, `media_type_id`, `date`, `created_at`, `updated_at`) VALUES (15, 15, 'Quae minus ut hic beatae ipsa temporibus qui.', 'Repellat nemo doloribus voluptatem. Reprehenderit iusto autem est accusamus accusantium. Dolor eligendi vero enim. Voluptas officiis neque dolorem ad. Tempore vel omnis quis voluptates ipsum beatae provident.', 5, '2000-11-26', '2000-06-20 01:45:27', '2000-02-18 21:19:32');
INSERT INTO `posts` (`id`, `user_id`, `title`, `description`, `media_type_id`, `date`, `created_at`, `updated_at`) VALUES (16, 16, 'Veniam aliquid unde omnis assumenda eum qui sunt aut.', 'Suscipit repellendus sapiente ex quae impedit. Ut reiciendis quia eius deserunt earum. Officia tempore rem doloribus dolorum.', 6, '2000-12-27', '2000-05-01 21:41:18', '2000-09-25 09:00:06');
INSERT INTO `posts` (`id`, `user_id`, `title`, `description`, `media_type_id`, `date`, `created_at`, `updated_at`) VALUES (17, 17, 'Sint ut voluptas molestiae voluptatibus qui.', 'Perspiciatis eveniet eligendi est tempore voluptatem. Ut dolorum libero quis dolorum ad qui voluptatibus. Corrupti magni omnis illum delectus. Harum perferendis aspernatur distinctio.', 7, '2000-07-24', '2000-01-08 13:09:57', '2000-04-05 12:07:56');
INSERT INTO `posts` (`id`, `user_id`, `title`, `description`, `media_type_id`, `date`, `created_at`, `updated_at`) VALUES (18, 18, 'Neque non porro ullam officiis consequuntur recusandae odit.', 'Maxime voluptatem non quam cumque numquam fugiat molestiae soluta. Reprehenderit saepe ea nisi qui deserunt explicabo recusandae. Velit autem dolorem natus illo. Dolor et quia at ut.', 8, '2000-10-05', '2000-01-10 14:06:59', '2000-01-31 22:55:36');
INSERT INTO `posts` (`id`, `user_id`, `title`, `description`, `media_type_id`, `date`, `created_at`, `updated_at`) VALUES (19, 19, 'Dolorum sunt id rem placeat temporibus quia voluptatibus.', 'Eum minus voluptas nisi. In perspiciatis commodi voluptatem et voluptas illum. Enim ut recusandae expedita non odit. Ea atque quibusdam consequatur aut sint debitis sed.', 9, '2000-08-22', '2000-09-22 22:47:12', '2000-08-17 10:59:24');
INSERT INTO `posts` (`id`, `user_id`, `title`, `description`, `media_type_id`, `date`, `created_at`, `updated_at`) VALUES (20, 20, 'Repellendus consectetur quia veniam eveniet repellendus.', 'Repudiandae ut cumque inventore sunt ad ea. Alias vel sit culpa delectus perspiciatis hic nihil nostrum. Ut illum odit aut esse earum ullam quia. Voluptatum magni ipsam harum quam ducimus.', 10, '2000-10-19', '2000-05-07 21:50:40', '2000-08-04 17:20:18');
INSERT INTO `posts` (`id`, `user_id`, `title`, `description`, `media_type_id`, `date`, `created_at`, `updated_at`) VALUES (21, 21, 'Beatae dolor recusandae enim quisquam repudiandae velit consectetur rerum.', 'Itaque libero eaque omnis rerum assumenda. Excepturi quod fugiat voluptatem laboriosam deserunt. Asperiores nihil animi esse amet minus perspiciatis vel assumenda. Doloremque maxime dolores aut sint a. Autem qui aut quidem dolor aut aut.', 1, '2000-06-13', '2000-06-24 10:56:14', '2000-09-23 14:54:19');
INSERT INTO `posts` (`id`, `user_id`, `title`, `description`, `media_type_id`, `date`, `created_at`, `updated_at`) VALUES (22, 22, 'Libero laudantium quis rerum animi ad sapiente.', 'Ipsam deleniti necessitatibus totam. Incidunt repellendus consequatur et quo et officiis. Omnis qui non rem a est reprehenderit. Qui nesciunt cum suscipit corporis laboriosam ipsum et.', 2, '2000-12-25', '2000-03-01 18:56:15', '2000-05-23 03:21:43');
INSERT INTO `posts` (`id`, `user_id`, `title`, `description`, `media_type_id`, `date`, `created_at`, `updated_at`) VALUES (23, 23, 'Ut quia suscipit ratione.', 'Nulla ea aperiam et consequuntur quo eaque. Nulla quia excepturi odit. Atque culpa eligendi id aut reprehenderit expedita.', 3, '2000-03-28', '2000-01-05 22:44:11', '2000-12-30 19:21:12');
INSERT INTO `posts` (`id`, `user_id`, `title`, `description`, `media_type_id`, `date`, `created_at`, `updated_at`) VALUES (24, 24, 'Inventore iure et quidem doloribus dolor in aut.', 'Sit provident quia dolore aliquam. Aut consequatur est architecto optio. Est nihil dignissimos voluptate perferendis.', 4, '2000-01-05', '2000-07-29 02:21:15', '2000-12-13 08:28:49');
INSERT INTO `posts` (`id`, `user_id`, `title`, `description`, `media_type_id`, `date`, `created_at`, `updated_at`) VALUES (25, 25, 'Nam odit suscipit voluptatum illum maiores vel deleniti.', 'Necessitatibus excepturi amet quia quibusdam. Suscipit aut asperiores occaecati earum distinctio est. Tempora itaque modi tenetur quia quos accusantium qui.', 5, '2000-04-28', '2000-02-13 19:57:15', '2000-08-28 11:36:23');
INSERT INTO `posts` (`id`, `user_id`, `title`, `description`, `media_type_id`, `date`, `created_at`, `updated_at`) VALUES (26, 26, 'Quibusdam non atque doloribus magni.', 'Natus voluptatem earum doloremque. Quia est libero quae dolores. Repudiandae et quas voluptas facere est quia et. Neque quibusdam corrupti repudiandae aliquid at fugit unde. Cumque reprehenderit id rem quis non unde qui.', 6, '2000-08-29', '2000-02-18 03:29:51', '2000-05-04 17:18:21');
INSERT INTO `posts` (`id`, `user_id`, `title`, `description`, `media_type_id`, `date`, `created_at`, `updated_at`) VALUES (27, 27, 'Repellendus qui in non corrupti.', 'Adipisci iure amet officia ipsum temporibus. Quos distinctio quas tempore est. Saepe sint optio delectus illo dolorem quam. Corrupti doloremque voluptatibus consequatur ratione necessitatibus.', 7, '2000-04-09', '2000-10-11 18:48:43', '2000-02-16 10:43:14');
INSERT INTO `posts` (`id`, `user_id`, `title`, `description`, `media_type_id`, `date`, `created_at`, `updated_at`) VALUES (28, 28, 'Perferendis accusamus velit sapiente eveniet voluptatem nesciunt.', 'Ratione quis architecto praesentium enim. Harum fuga officiis voluptas id aut voluptas nemo. Ab possimus sint sed. Consequatur dolore ab quia numquam quas.', 8, '2000-06-26', '2000-03-18 23:01:43', '2000-10-07 11:50:27');
INSERT INTO `posts` (`id`, `user_id`, `title`, `description`, `media_type_id`, `date`, `created_at`, `updated_at`) VALUES (29, 29, 'Hic at delectus odit assumenda et incidunt nam.', 'In maxime harum non doloribus vel. Ut laborum fugit voluptatem deleniti. Maiores sint harum unde rem quaerat eos. Dolorem deleniti similique voluptas omnis.', 9, '2000-06-10', '2000-01-27 12:31:06', '2000-11-05 06:34:35');
INSERT INTO `posts` (`id`, `user_id`, `title`, `description`, `media_type_id`, `date`, `created_at`, `updated_at`) VALUES (30, 30, 'Vero ratione a et eaque vel sequi repellendus.', 'Facere mollitia iure animi quasi id. Non sint nulla sint et. Maxime odit qui voluptate nulla. Numquam possimus quos neque eligendi est esse praesentium et.', 10, '2000-07-09', '2000-09-01 16:38:15', '2000-03-23 23:27:35');
INSERT INTO `posts` (`id`, `user_id`, `title`, `description`, `media_type_id`, `date`, `created_at`, `updated_at`) VALUES (31, 31, 'Tenetur labore vel omnis.', 'Consequatur debitis blanditiis laborum. Qui est pariatur voluptas repellendus. Odio aut nesciunt doloremque sit facilis voluptatibus laboriosam. Optio aut voluptas perspiciatis quibusdam sed.', 1, '2000-04-26', '2000-12-02 18:57:55', '2000-08-23 18:39:17');
INSERT INTO `posts` (`id`, `user_id`, `title`, `description`, `media_type_id`, `date`, `created_at`, `updated_at`) VALUES (32, 32, 'Pariatur et omnis sed voluptas nihil corporis sit.', 'Consequatur eaque tempore ipsam enim enim. Qui dolorem nemo minima esse. Atque atque impedit ipsa veritatis quia quis.', 2, '2000-02-26', '2000-07-24 10:47:03', '2000-03-23 21:35:24');
INSERT INTO `posts` (`id`, `user_id`, `title`, `description`, `media_type_id`, `date`, `created_at`, `updated_at`) VALUES (33, 33, 'Exercitationem adipisci voluptates suscipit architecto.', 'Laboriosam nulla mollitia et dolor a sed minus. Est excepturi non pariatur voluptatem velit. Praesentium omnis veniam provident laborum aut.', 3, '2000-10-23', '2000-10-02 16:46:23', '2000-11-17 22:21:59');
INSERT INTO `posts` (`id`, `user_id`, `title`, `description`, `media_type_id`, `date`, `created_at`, `updated_at`) VALUES (34, 34, 'Mollitia qui adipisci quam fuga.', 'Possimus quam officia totam similique. Nisi praesentium non iusto occaecati sed quae. Labore in sit omnis et. Labore quae pariatur est exercitationem corporis.', 4, '2000-07-16', '2000-10-28 19:45:11', '2000-12-26 20:25:55');
INSERT INTO `posts` (`id`, `user_id`, `title`, `description`, `media_type_id`, `date`, `created_at`, `updated_at`) VALUES (35, 35, 'Natus id voluptatum iste id.', 'Perspiciatis earum sit eius. Ab et doloremque non esse quibusdam. Ipsam delectus laborum voluptatem quam architecto enim aut. Voluptatem error voluptatem atque eius ullam. Placeat mollitia deserunt cumque adipisci officia dicta.', 5, '2000-04-17', '2000-09-06 11:32:24', '2000-06-23 14:51:55');
INSERT INTO `posts` (`id`, `user_id`, `title`, `description`, `media_type_id`, `date`, `created_at`, `updated_at`) VALUES (36, 36, 'Deserunt expedita pariatur aut.', 'Placeat nihil rerum rerum perspiciatis deserunt. Molestiae aut ipsum facere possimus delectus. Et sunt aut quod minima.', 6, '2000-05-09', '2000-11-17 20:13:59', '2000-05-10 12:50:45');
INSERT INTO `posts` (`id`, `user_id`, `title`, `description`, `media_type_id`, `date`, `created_at`, `updated_at`) VALUES (37, 37, 'Blanditiis natus maxime rerum officia quam a similique.', 'Impedit sunt est sed esse reiciendis totam. Eos quo repudiandae quo nostrum eveniet. Rerum aut asperiores quidem. Harum molestias suscipit quia corrupti distinctio et.', 7, '2000-08-09', '2000-06-10 06:35:50', '2000-07-17 14:20:11');
INSERT INTO `posts` (`id`, `user_id`, `title`, `description`, `media_type_id`, `date`, `created_at`, `updated_at`) VALUES (38, 38, 'Voluptates in recusandae minima ratione esse.', 'Enim aut quo maxime est ad saepe. Quo sapiente sit vitae enim ut ratione. Saepe sequi earum voluptatem aliquid.', 8, '2000-09-21', '2000-06-06 17:47:26', '2000-11-21 23:48:46');
INSERT INTO `posts` (`id`, `user_id`, `title`, `description`, `media_type_id`, `date`, `created_at`, `updated_at`) VALUES (39, 39, 'Consequatur dolorem perferendis quia ipsum.', 'Id ex pariatur quis maiores. Mollitia est corporis repellat labore quaerat. Quia sint est necessitatibus vero. Asperiores aut officia dolorum omnis similique laboriosam qui.', 9, '2000-01-29', '2000-11-06 12:21:47', '2000-01-09 02:01:01');
INSERT INTO `posts` (`id`, `user_id`, `title`, `description`, `media_type_id`, `date`, `created_at`, `updated_at`) VALUES (40, 40, 'Ut eveniet expedita quisquam deleniti minima laboriosam ipsam illo.', 'Voluptas hic exercitationem cum. Nobis nam odio aut quisquam. Autem vel quae aut dolore laboriosam. Est voluptas eligendi quia adipisci est magni ad.', 10, '2000-11-04', '2000-10-10 19:05:31', '2000-02-13 00:56:36');
INSERT INTO `posts` (`id`, `user_id`, `title`, `description`, `media_type_id`, `date`, `created_at`, `updated_at`) VALUES (41, 41, 'Labore mollitia delectus ad reprehenderit.', 'Voluptas officiis rem molestiae. Animi ad atque inventore est consectetur maxime. Cum voluptate fugit ipsam exercitationem repellat ducimus.', 1, '2000-01-16', '2000-01-09 18:51:03', '2000-10-18 02:10:08');
INSERT INTO `posts` (`id`, `user_id`, `title`, `description`, `media_type_id`, `date`, `created_at`, `updated_at`) VALUES (42, 42, 'Aut similique minus explicabo deserunt molestiae non.', 'Sed nemo iusto est excepturi non. Sint quasi voluptatem cumque voluptas aut quia. Molestiae sit explicabo magni dolor.', 2, '2000-05-07', '2000-10-09 15:13:37', '2000-11-25 19:28:48');
INSERT INTO `posts` (`id`, `user_id`, `title`, `description`, `media_type_id`, `date`, `created_at`, `updated_at`) VALUES (43, 43, 'Aliquid nisi voluptas itaque eos aut atque rerum.', 'Temporibus necessitatibus eum vel minima eum rerum porro dolorem. Recusandae amet non totam et totam. Maiores voluptatum necessitatibus nisi dolores nesciunt est hic. Aut mollitia voluptatem quia a ullam porro.', 3, '2000-08-10', '2000-01-20 16:19:30', '2000-05-15 14:42:38');
INSERT INTO `posts` (`id`, `user_id`, `title`, `description`, `media_type_id`, `date`, `created_at`, `updated_at`) VALUES (44, 44, 'Hic excepturi omnis quae similique qui quia sint.', 'Et quia rerum temporibus et. Sit voluptatem provident soluta voluptatum. Commodi perspiciatis ad nihil sint velit hic quod libero.', 4, '2000-02-24', '2000-03-03 11:01:11', '2000-01-21 12:19:06');
INSERT INTO `posts` (`id`, `user_id`, `title`, `description`, `media_type_id`, `date`, `created_at`, `updated_at`) VALUES (45, 45, 'Rerum et rerum doloremque sunt magni ullam quibusdam.', 'Laboriosam velit quaerat possimus. Porro porro molestias sapiente tempore harum atque. Unde rerum cum sit amet.', 5, '2000-08-25', '2000-07-14 05:10:40', '2000-09-02 07:49:49');
INSERT INTO `posts` (`id`, `user_id`, `title`, `description`, `media_type_id`, `date`, `created_at`, `updated_at`) VALUES (46, 46, 'A illo et rem.', 'Et dolores rem reprehenderit odio incidunt. Iusto aut non at aut. Amet corrupti consectetur harum voluptatem.', 6, '2000-12-04', '2000-05-08 19:13:00', '2000-03-07 06:53:18');
INSERT INTO `posts` (`id`, `user_id`, `title`, `description`, `media_type_id`, `date`, `created_at`, `updated_at`) VALUES (47, 47, 'Occaecati dolores incidunt libero sint.', 'Eaque eveniet deserunt necessitatibus tenetur cum facilis. Saepe eligendi neque harum aperiam vero sit ut. Ipsum mollitia nam debitis sed cupiditate.', 7, '2000-06-20', '2000-11-05 06:08:42', '2000-01-08 05:56:50');
INSERT INTO `posts` (`id`, `user_id`, `title`, `description`, `media_type_id`, `date`, `created_at`, `updated_at`) VALUES (48, 48, 'Rem ut cum maxime tempore autem iure voluptatibus.', 'Sint accusamus eligendi necessitatibus numquam adipisci ut minus. Voluptate non inventore sit dolore ab ut. Qui quo qui quasi quis velit repellat. Amet possimus sed odio expedita minus cum.', 8, '2000-07-27', '2000-12-16 20:39:33', '2000-12-01 23:46:07');
INSERT INTO `posts` (`id`, `user_id`, `title`, `description`, `media_type_id`, `date`, `created_at`, `updated_at`) VALUES (49, 49, 'Libero et quam tempore repellat doloremque iure eveniet.', 'Vero consectetur magnam similique asperiores nam vel. Maiores omnis iure rerum sint autem. Magnam assumenda quia commodi est. Laboriosam nulla sint voluptatum dolores laudantium magni.', 9, '2000-12-31', '2000-10-09 01:53:41', '2000-01-31 12:00:59');
INSERT INTO `posts` (`id`, `user_id`, `title`, `description`, `media_type_id`, `date`, `created_at`, `updated_at`) VALUES (50, 50, 'Quos qui iusto enim facere aut.', 'Unde incidunt tempora iusto consequuntur. Quis voluptatem vel et voluptas sapiente ratione natus.', 10, '2000-06-23', '2000-04-18 21:03:05', '2000-06-07 02:28:43');
INSERT INTO `posts` (`id`, `user_id`, `title`, `description`, `media_type_id`, `date`, `created_at`, `updated_at`) VALUES (51, 51, 'Sequi excepturi perferendis recusandae voluptatem et quis.', 'Similique laborum dolorem rerum modi est optio dolores. Sed est et maxime eaque. Iure debitis eligendi repellendus perspiciatis.', 1, '2000-03-23', '2000-02-21 03:04:20', '2000-01-21 01:46:20');
INSERT INTO `posts` (`id`, `user_id`, `title`, `description`, `media_type_id`, `date`, `created_at`, `updated_at`) VALUES (52, 52, 'Error quibusdam officiis qui dicta consectetur eum voluptatum.', 'Et ut et nihil illo quos. Ipsum sed aut amet ad vel omnis numquam similique. Consequatur nostrum aut sunt dolorem delectus qui. Voluptatum dolores repellat aperiam aliquid voluptates.', 2, '2000-03-13', '2000-06-15 08:23:45', '2000-01-24 10:42:07');
INSERT INTO `posts` (`id`, `user_id`, `title`, `description`, `media_type_id`, `date`, `created_at`, `updated_at`) VALUES (53, 53, 'Dolorum laborum qui debitis hic doloribus architecto doloribus.', 'Deleniti in doloremque nesciunt reprehenderit voluptates molestiae. Culpa debitis deleniti in dicta enim quod.', 3, '2000-09-17', '2000-01-17 20:40:12', '2000-05-25 15:40:36');
INSERT INTO `posts` (`id`, `user_id`, `title`, `description`, `media_type_id`, `date`, `created_at`, `updated_at`) VALUES (54, 54, 'Autem vel asperiores est in.', 'Necessitatibus nihil maiores iure facilis asperiores et hic. Ducimus tempora perferendis omnis magni ullam quis tempora. Ab omnis rem error sunt. Sit id et similique aut ducimus sit accusantium fugiat.', 4, '2000-10-27', '2000-04-15 04:38:46', '2000-06-18 23:52:41');
INSERT INTO `posts` (`id`, `user_id`, `title`, `description`, `media_type_id`, `date`, `created_at`, `updated_at`) VALUES (55, 55, 'Explicabo sint sunt et ducimus voluptas inventore illo.', 'Aperiam est quas itaque quibusdam consequatur quod et. Sit id voluptatem omnis sed. Illo et et accusamus et occaecati blanditiis modi. Laborum quas omnis aspernatur saepe adipisci.', 5, '2000-06-21', '2000-12-13 11:26:45', '2000-10-25 00:55:12');
INSERT INTO `posts` (`id`, `user_id`, `title`, `description`, `media_type_id`, `date`, `created_at`, `updated_at`) VALUES (56, 56, 'Quisquam corporis veniam rerum magnam ut est et libero.', 'Necessitatibus quo reprehenderit id maxime. Id officia aspernatur corrupti sapiente voluptas voluptatem qui. Et quia quae architecto.', 6, '2000-02-01', '2000-03-30 11:01:55', '2000-01-03 11:45:10');
INSERT INTO `posts` (`id`, `user_id`, `title`, `description`, `media_type_id`, `date`, `created_at`, `updated_at`) VALUES (57, 57, 'Rerum est enim recusandae optio.', 'Mollitia non quis minima provident cupiditate. Quia quia dicta nihil ad minima laudantium. Qui ut fugiat temporibus recusandae amet voluptas beatae.', 7, '2000-10-10', '2000-10-18 19:15:49', '2000-11-13 22:58:44');
INSERT INTO `posts` (`id`, `user_id`, `title`, `description`, `media_type_id`, `date`, `created_at`, `updated_at`) VALUES (58, 58, 'Ullam voluptatem alias consequuntur sit velit.', 'Odit sunt officia ut voluptas. Recusandae possimus iste in velit quas consectetur. Enim omnis accusamus similique sunt consectetur. Aut possimus dolor itaque ut vel recusandae pariatur iure.', 8, '2000-12-19', '2000-06-06 12:14:15', '2000-01-30 14:31:52');
INSERT INTO `posts` (`id`, `user_id`, `title`, `description`, `media_type_id`, `date`, `created_at`, `updated_at`) VALUES (59, 59, 'Qui sed aut nihil.', 'Reprehenderit facilis sint dolorem atque temporibus asperiores autem. Vel voluptas ullam sunt consequuntur quod sed.', 9, '2000-05-01', '2000-07-10 14:53:16', '2000-06-07 08:38:54');
INSERT INTO `posts` (`id`, `user_id`, `title`, `description`, `media_type_id`, `date`, `created_at`, `updated_at`) VALUES (60, 60, 'Sit velit aperiam architecto totam.', 'Error rerum ut eos quis vitae ipsam expedita. Sunt velit qui dolore illo nisi quod. Sed aspernatur id non optio illo ullam ut.', 10, '2000-11-27', '2000-05-05 12:10:43', '2000-06-22 00:22:05');
INSERT INTO `posts` (`id`, `user_id`, `title`, `description`, `media_type_id`, `date`, `created_at`, `updated_at`) VALUES (61, 61, 'Unde magni et molestias magnam quidem aperiam aspernatur.', 'Aut voluptate est et doloremque. Tempora et sapiente doloribus. Quis repellat dolore quibusdam quaerat vero.', 1, '2000-11-10', '2000-03-18 10:15:50', '2000-11-23 02:44:29');
INSERT INTO `posts` (`id`, `user_id`, `title`, `description`, `media_type_id`, `date`, `created_at`, `updated_at`) VALUES (62, 62, 'Molestiae in voluptatem numquam doloribus fuga velit quas doloremque.', 'Vel illum aut rerum. Eaque ut delectus nesciunt occaecati numquam rerum laborum. In hic et dignissimos officia. Dicta labore vitae blanditiis aut culpa ullam voluptatem.', 2, '2000-07-28', '2000-08-04 03:22:16', '2000-12-13 20:23:16');
INSERT INTO `posts` (`id`, `user_id`, `title`, `description`, `media_type_id`, `date`, `created_at`, `updated_at`) VALUES (63, 63, 'Porro nihil autem nulla.', 'Eum asperiores qui omnis provident. Repudiandae voluptatum explicabo hic ad. Dolores aut necessitatibus et et enim qui. Et qui aspernatur blanditiis non et. Sunt dicta aut doloribus quia odio.', 3, '2000-03-22', '2000-01-18 04:23:28', '2000-07-07 13:00:36');
INSERT INTO `posts` (`id`, `user_id`, `title`, `description`, `media_type_id`, `date`, `created_at`, `updated_at`) VALUES (64, 64, 'Repellat magnam et est perspiciatis ut quam.', 'Ducimus ipsam qui accusamus recusandae quia aut architecto. Ex ullam fugit impedit quos sunt. Dolores dolor eum modi omnis consequatur nihil.', 4, '2000-11-09', '2000-12-04 00:53:29', '2000-02-06 21:59:03');
INSERT INTO `posts` (`id`, `user_id`, `title`, `description`, `media_type_id`, `date`, `created_at`, `updated_at`) VALUES (65, 65, 'Quos totam et et vel commodi.', 'Blanditiis rerum nobis necessitatibus sint ea. Repellat est quia enim dolor. Itaque et aliquam iusto et quia et nihil odio. Voluptatum dolorum voluptatibus et aut qui asperiores.', 5, '2000-09-18', '2000-04-02 08:48:41', '2000-10-23 14:37:36');
INSERT INTO `posts` (`id`, `user_id`, `title`, `description`, `media_type_id`, `date`, `created_at`, `updated_at`) VALUES (66, 66, 'Soluta possimus amet aspernatur consequatur iure sit dolorum.', 'Ut quis consequatur nemo eius dignissimos recusandae quia quisquam. Sed explicabo ea molestiae excepturi quam vero quis. Sit porro sapiente enim facilis dolor quis. Est iste corrupti fugiat ratione. Aperiam iusto minus ipsum maiores atque et.', 6, '2000-06-26', '2000-01-15 04:43:50', '2000-11-15 15:16:48');
INSERT INTO `posts` (`id`, `user_id`, `title`, `description`, `media_type_id`, `date`, `created_at`, `updated_at`) VALUES (67, 67, 'Doloribus nobis rerum dolor qui.', 'Libero ullam enim facilis perspiciatis quia odit. Illum quas eum voluptatem molestiae quaerat. Cupiditate magnam voluptatum et quas assumenda quia architecto.', 7, '2000-05-17', '2000-11-05 15:03:14', '2000-12-02 18:01:36');
INSERT INTO `posts` (`id`, `user_id`, `title`, `description`, `media_type_id`, `date`, `created_at`, `updated_at`) VALUES (68, 68, 'Non necessitatibus labore omnis quo nemo ipsa molestiae nulla.', 'Doloribus ullam voluptatem esse qui maiores impedit. Quos non enim rerum laudantium reiciendis. Repellendus magni laborum asperiores unde.', 8, '2000-02-25', '2000-05-25 09:16:05', '2000-04-08 17:46:20');
INSERT INTO `posts` (`id`, `user_id`, `title`, `description`, `media_type_id`, `date`, `created_at`, `updated_at`) VALUES (69, 69, 'Voluptatibus eius totam voluptatem deleniti quis omnis.', 'Dignissimos voluptatem expedita nam ea qui. Expedita illo nihil nobis est officiis nostrum.', 9, '2000-08-12', '2000-05-11 21:27:52', '2000-02-03 04:56:39');
INSERT INTO `posts` (`id`, `user_id`, `title`, `description`, `media_type_id`, `date`, `created_at`, `updated_at`) VALUES (70, 70, 'Sit facilis doloremque nostrum tempora quae vel nesciunt minima.', 'Et amet blanditiis maxime. Eveniet ut sed dolor animi eos quia enim. Voluptas facere deserunt est nulla dolores quasi voluptatem. Voluptatem quia dolorum doloribus eaque ipsam beatae blanditiis. Neque placeat esse ut voluptatem omnis numquam corporis animi.', 10, '2000-07-06', '2000-09-08 18:11:22', '2000-10-15 16:05:11');
INSERT INTO `posts` (`id`, `user_id`, `title`, `description`, `media_type_id`, `date`, `created_at`, `updated_at`) VALUES (71, 71, 'Maiores dolor deleniti sunt quidem minima dolorem saepe voluptatem.', 'Maxime sed voluptatum recusandae voluptatem natus qui omnis. Aspernatur et totam voluptas repellat qui quia vel. Est vero voluptatem qui eos. Molestiae sed et consequatur cupiditate quis officiis.', 1, '2000-06-06', '2000-06-09 11:53:26', '2000-05-10 07:13:18');
INSERT INTO `posts` (`id`, `user_id`, `title`, `description`, `media_type_id`, `date`, `created_at`, `updated_at`) VALUES (72, 72, 'Et earum consequatur saepe in est eveniet eius.', 'Vitae aperiam eaque inventore totam provident pariatur. Eaque sunt laboriosam tenetur pariatur non dolores quod. Enim voluptatem quasi voluptates vitae voluptatum et.', 2, '2000-09-27', '2000-08-10 01:43:09', '2000-07-29 13:26:18');
INSERT INTO `posts` (`id`, `user_id`, `title`, `description`, `media_type_id`, `date`, `created_at`, `updated_at`) VALUES (73, 73, 'Odit quasi quidem est voluptas et.', 'Maxime praesentium atque cum eius. Ea labore quidem ex quis eum.', 3, '2000-09-16', '2000-09-20 05:02:55', '2000-10-04 16:26:35');
INSERT INTO `posts` (`id`, `user_id`, `title`, `description`, `media_type_id`, `date`, `created_at`, `updated_at`) VALUES (74, 74, 'Et nesciunt ipsum officia sequi labore saepe rerum sed.', 'Expedita itaque ullam animi aut blanditiis. Iste possimus fugiat enim ut explicabo at. Qui debitis explicabo est ut culpa non maiores molestiae. Mollitia a eius eos natus quia vel molestiae occaecati.', 4, '2000-10-27', '2000-05-08 11:37:54', '2000-03-29 15:35:40');
INSERT INTO `posts` (`id`, `user_id`, `title`, `description`, `media_type_id`, `date`, `created_at`, `updated_at`) VALUES (75, 75, 'Inventore odit non iusto dolor et.', 'Aut sunt id quod et maxime neque dicta sed. A architecto sed sunt vel praesentium minima. Dolores repellat nesciunt sed vero vitae rem. Corrupti ducimus architecto earum quam inventore.', 5, '2000-01-30', '2000-06-29 20:40:26', '2000-02-01 22:41:47');
INSERT INTO `posts` (`id`, `user_id`, `title`, `description`, `media_type_id`, `date`, `created_at`, `updated_at`) VALUES (76, 76, 'Voluptatem quod quasi perferendis delectus et et.', 'Doloremque quisquam eveniet qui magni consequatur magni qui perferendis. Expedita voluptas praesentium ex officiis. Iure ea non tempore repellat sit quo. Necessitatibus vel quis repellat veritatis perferendis qui.', 6, '2000-06-01', '2000-10-12 04:16:03', '2000-10-07 23:35:04');
INSERT INTO `posts` (`id`, `user_id`, `title`, `description`, `media_type_id`, `date`, `created_at`, `updated_at`) VALUES (77, 77, 'Excepturi earum aut error consequuntur occaecati est quia vel.', 'Molestiae est mollitia ut delectus blanditiis doloremque nemo mollitia. Adipisci eligendi est fugit sunt. Quam alias quo distinctio aperiam quos dolorem fugiat. Autem iure enim ea numquam labore adipisci tempora.', 7, '2000-02-12', '2000-11-13 21:58:32', '2000-10-29 10:08:54');
INSERT INTO `posts` (`id`, `user_id`, `title`, `description`, `media_type_id`, `date`, `created_at`, `updated_at`) VALUES (78, 78, 'Sit voluptas nam aut id.', 'Laudantium facilis et adipisci id. Autem est ipsa nulla totam veritatis velit. Accusamus eligendi sunt iusto iste eligendi.', 8, '2000-03-25', '2000-03-05 06:13:52', '2000-07-06 13:57:02');
INSERT INTO `posts` (`id`, `user_id`, `title`, `description`, `media_type_id`, `date`, `created_at`, `updated_at`) VALUES (79, 79, 'Autem quasi repudiandae cumque amet quis est.', 'Qui molestiae odit veritatis doloribus quo nemo. Vitae blanditiis ut qui aut. Est occaecati excepturi dolore quia quia pariatur et.', 9, '2000-02-21', '2000-05-02 12:45:22', '2000-12-17 07:06:16');
INSERT INTO `posts` (`id`, `user_id`, `title`, `description`, `media_type_id`, `date`, `created_at`, `updated_at`) VALUES (80, 80, 'Vitae incidunt delectus quos et explicabo at sequi.', 'Molestiae deleniti molestias dignissimos qui nam qui nam. Saepe qui cumque qui eum qui qui. Consequuntur quia et autem maiores beatae. Id exercitationem tempora natus aperiam sed.', 10, '2000-10-10', '2000-06-30 12:40:04', '2000-04-13 08:03:15');
INSERT INTO `posts` (`id`, `user_id`, `title`, `description`, `media_type_id`, `date`, `created_at`, `updated_at`) VALUES (81, 81, 'Facere ut veritatis cum animi suscipit voluptates veritatis id.', 'Sed et accusamus aut est dicta id perspiciatis. Placeat ea voluptas voluptates consequatur a qui soluta. Exercitationem dolores veniam quasi.', 1, '2000-01-15', '2000-06-16 16:43:31', '2000-08-07 11:16:26');
INSERT INTO `posts` (`id`, `user_id`, `title`, `description`, `media_type_id`, `date`, `created_at`, `updated_at`) VALUES (82, 82, 'Voluptate rerum qui aliquam dolores possimus dolor.', 'Natus nostrum quam inventore quis qui quo voluptates. Tempore doloribus voluptas provident minus officiis. Et pariatur iusto velit laboriosam quibusdam.', 2, '2000-12-10', '2000-06-15 00:38:29', '2000-10-04 06:50:49');
INSERT INTO `posts` (`id`, `user_id`, `title`, `description`, `media_type_id`, `date`, `created_at`, `updated_at`) VALUES (83, 83, 'Quis occaecati in voluptatem earum officia ipsum.', 'Et eum dolorum et debitis vero consequatur dolores. Voluptatum rerum expedita aliquid totam. Suscipit consequatur explicabo voluptatem magnam. Aliquam fugiat occaecati quo enim nostrum dolorem possimus.', 3, '2000-09-11', '2000-09-06 02:13:16', '2000-08-25 07:46:16');
INSERT INTO `posts` (`id`, `user_id`, `title`, `description`, `media_type_id`, `date`, `created_at`, `updated_at`) VALUES (84, 84, 'Quia perferendis est qui doloremque modi at doloribus.', 'Aperiam error ad neque quod ad culpa est. Rerum ratione ad quidem. Voluptatum nisi et consequatur. Nostrum amet quas dolores minus et consequatur quis. Eaque necessitatibus voluptatem occaecati.', 4, '2000-10-14', '2000-10-02 21:31:50', '2000-10-27 00:38:03');
INSERT INTO `posts` (`id`, `user_id`, `title`, `description`, `media_type_id`, `date`, `created_at`, `updated_at`) VALUES (85, 85, 'Sit autem et beatae aut sit.', 'Iusto reiciendis nihil enim esse non. Aut nemo illum architecto reprehenderit ducimus. Officiis occaecati itaque sit quas.', 5, '2000-08-02', '2000-11-29 17:31:16', '2000-03-15 20:45:21');
INSERT INTO `posts` (`id`, `user_id`, `title`, `description`, `media_type_id`, `date`, `created_at`, `updated_at`) VALUES (86, 86, 'Itaque ratione placeat quo nesciunt blanditiis ad modi.', 'Aspernatur aliquam quas earum et earum blanditiis. Fugit magnam eum cumque provident reiciendis. Itaque sed ipsam omnis aut voluptatibus doloremque laboriosam.', 6, '2000-07-09', '2000-09-17 09:08:23', '2000-10-24 06:16:28');
INSERT INTO `posts` (`id`, `user_id`, `title`, `description`, `media_type_id`, `date`, `created_at`, `updated_at`) VALUES (87, 87, 'Architecto voluptates aperiam et similique corporis quasi.', 'Sit maxime nihil id delectus eligendi modi enim vero. Ut iusto nam voluptas vero rerum quia. Labore placeat eos sint odit.', 7, '2000-04-14', '2000-08-02 11:08:06', '2000-02-04 17:01:49');
INSERT INTO `posts` (`id`, `user_id`, `title`, `description`, `media_type_id`, `date`, `created_at`, `updated_at`) VALUES (88, 88, 'Reiciendis totam illum dignissimos veniam.', 'Voluptates ullam id dolorum nulla minima. Vel reiciendis sed facere eligendi excepturi in. Voluptates quia architecto sint dolorum ad aut labore. Natus mollitia dolorum et a corrupti voluptatibus tempora.', 8, '2000-09-19', '2000-08-26 16:53:58', '2000-06-25 00:38:06');
INSERT INTO `posts` (`id`, `user_id`, `title`, `description`, `media_type_id`, `date`, `created_at`, `updated_at`) VALUES (89, 89, 'Sint sed omnis autem molestiae nisi.', 'Nihil et rerum reiciendis delectus eveniet dolore quidem. Ipsa aliquam incidunt sit quis dolorem quidem fuga mollitia. Voluptas consequuntur natus et ipsum et ut consequatur quod. Iusto mollitia velit quae quo voluptatem et soluta aut.', 9, '2000-10-22', '2000-08-18 17:31:01', '2000-03-21 14:21:52');
INSERT INTO `posts` (`id`, `user_id`, `title`, `description`, `media_type_id`, `date`, `created_at`, `updated_at`) VALUES (90, 90, 'Sequi vel quibusdam nihil voluptas tempore minus.', 'Ut vitae ea eaque doloribus tempore voluptate qui. Tempore similique deleniti dolorem et explicabo. Doloribus et consectetur quis unde aut et a. Minima culpa unde quis facere nostrum.', 10, '2000-12-06', '2000-01-25 11:00:56', '2000-02-05 18:57:42');
INSERT INTO `posts` (`id`, `user_id`, `title`, `description`, `media_type_id`, `date`, `created_at`, `updated_at`) VALUES (91, 91, 'Qui nisi et cum iusto at dolore.', 'Numquam excepturi enim doloremque magni. Vitae est odit aut quia quis. In animi itaque quibusdam repellat.', 1, '2000-05-27', '2000-07-25 20:50:04', '2000-09-26 23:53:36');
INSERT INTO `posts` (`id`, `user_id`, `title`, `description`, `media_type_id`, `date`, `created_at`, `updated_at`) VALUES (92, 92, 'Porro pariatur in pariatur ipsum.', 'Et et ex iste et. Consequatur voluptates sit consequuntur reiciendis. Iusto ut odio in suscipit id cumque delectus error.', 2, '2000-07-30', '2000-07-23 08:33:17', '2000-01-08 07:40:57');
INSERT INTO `posts` (`id`, `user_id`, `title`, `description`, `media_type_id`, `date`, `created_at`, `updated_at`) VALUES (93, 93, 'Qui recusandae ad qui consequatur corrupti.', 'Molestiae maiores et vel non. Odio similique et nisi repudiandae tempore. Nihil debitis numquam velit. Quam consequuntur velit eius architecto molestiae enim mollitia. Vitae in provident hic dignissimos et non accusamus et.', 3, '2000-01-27', '2000-12-02 22:23:23', '2000-06-21 06:32:42');
INSERT INTO `posts` (`id`, `user_id`, `title`, `description`, `media_type_id`, `date`, `created_at`, `updated_at`) VALUES (94, 94, 'Est et quis incidunt et aut quis voluptatem ut.', 'Id non ut qui deleniti sed et. Aut alias quae quas laborum ut. Ut natus laborum et et doloribus. Suscipit voluptatem incidunt provident.', 4, '2000-10-15', '2000-04-25 06:21:47', '2000-03-28 07:06:15');
INSERT INTO `posts` (`id`, `user_id`, `title`, `description`, `media_type_id`, `date`, `created_at`, `updated_at`) VALUES (95, 95, 'Qui rerum commodi est incidunt.', 'Nemo quasi eligendi dolorem tempore repudiandae iste quos. Porro deserunt sit doloremque occaecati officiis voluptas. Et quas aut magni minus animi quos dolor. Voluptatem est omnis enim ut omnis fuga. Facere sit cupiditate laborum cum dolores perferendis.', 5, '2000-07-27', '2000-04-02 15:19:18', '2000-05-29 00:43:32');
INSERT INTO `posts` (`id`, `user_id`, `title`, `description`, `media_type_id`, `date`, `created_at`, `updated_at`) VALUES (96, 96, 'Blanditiis magni porro velit quia.', 'Et et alias consequatur possimus assumenda. Consequuntur numquam voluptates unde. Est et doloribus magni qui maxime rem. Iste ut ex rerum provident voluptatibus.', 6, '2000-04-17', '2000-03-11 23:04:00', '2000-05-29 07:43:15');
INSERT INTO `posts` (`id`, `user_id`, `title`, `description`, `media_type_id`, `date`, `created_at`, `updated_at`) VALUES (97, 97, 'Vitae dolore nemo et temporibus amet.', 'Laboriosam error nam voluptatem aut dolor. Atque eligendi soluta necessitatibus repellat. Omnis beatae est nostrum est.', 7, '2000-02-08', '2000-09-03 23:01:27', '2000-03-07 02:50:49');
INSERT INTO `posts` (`id`, `user_id`, `title`, `description`, `media_type_id`, `date`, `created_at`, `updated_at`) VALUES (98, 98, 'Iste est qui impedit veniam.', 'Minus consequatur et aut in voluptatem rem error dignissimos. Possimus eligendi reiciendis quo non et accusamus id nihil. Nulla aspernatur sapiente ut eum.', 8, '2000-04-25', '2000-04-14 00:26:11', '2000-07-28 05:34:20');
INSERT INTO `posts` (`id`, `user_id`, `title`, `description`, `media_type_id`, `date`, `created_at`, `updated_at`) VALUES (99, 99, 'Autem consectetur sint corrupti sed voluptate aspernatur.', 'Illum eligendi qui autem rerum veniam occaecati sequi. Et et eum vel iure iste iste. Incidunt excepturi dolores vero error nulla dolorem modi.', 9, '2000-10-12', '2000-08-06 13:30:05', '2000-10-22 22:45:50');
INSERT INTO `posts` (`id`, `user_id`, `title`, `description`, `media_type_id`, `date`, `created_at`, `updated_at`) VALUES (100, 100, 'Sunt sequi nisi suscipit maiores repellat commodi.', 'Quo reiciendis corrupti recusandae libero. Et id est neque odio odit. Sed voluptatem est unde dolorem harum illum consequatur. Qui est totam laudantium non aliquam. Et ut sit aut quod aut.', 10, '2000-11-14', '2000-03-17 12:47:53', '2000-01-04 10:09:15');


#
# TABLE STRUCTURE FOR: profiles
#

DROP TABLE IF EXISTS `profiles`;

CREATE TABLE `profiles` (
  `user_id` int(10) unsigned NOT NULL COMMENT 'Ссылка на пользователя',
  `gender_id` int(10) unsigned NOT NULL COMMENT 'ссылка на пол пользвателя',
  `birthday` date DEFAULT NULL COMMENT 'Дата рождения',
  `photo_id` int(10) unsigned DEFAULT NULL COMMENT 'Ссылка на основную фотографию пользователя',
  `city_id` int(10) unsigned DEFAULT NULL COMMENT 'ссылка на город проживания',
  `country_id` int(10) unsigned DEFAULT NULL COMMENT 'ссылка на страну проживания',
  `created_at` datetime DEFAULT current_timestamp() COMMENT 'Время создания строки',
  `updated_at` datetime DEFAULT current_timestamp() ON UPDATE current_timestamp() COMMENT 'Время обновления строки',
  PRIMARY KEY (`user_id`)
) ENGINE=InnoDB DEFAULT CHARSET=utf8 COLLATE=utf8_unicode_ci COMMENT='Профили';

INSERT INTO `profiles` (`user_id`, `gender_id`, `birthday`, `photo_id`, `city_id`, `country_id`, `created_at`, `updated_at`) VALUES (1, 1, '1993-11-12', 1, 1, 1, '2000-02-07 20:04:41', '2003-10-24 06:36:35');
INSERT INTO `profiles` (`user_id`, `gender_id`, `birthday`, `photo_id`, `city_id`, `country_id`, `created_at`, `updated_at`) VALUES (2, 2, '2001-07-03', 2, 2, 2, '2000-09-30 07:52:00', '2003-03-30 05:08:35');
INSERT INTO `profiles` (`user_id`, `gender_id`, `birthday`, `photo_id`, `city_id`, `country_id`, `created_at`, `updated_at`) VALUES (3, 3, '2005-05-07', 3, 3, 3, '2000-06-16 09:28:19', '2003-06-22 22:38:32');
INSERT INTO `profiles` (`user_id`, `gender_id`, `birthday`, `photo_id`, `city_id`, `country_id`, `created_at`, `updated_at`) VALUES (4, 1, '1997-09-21', 4, 4, 4, '2000-08-11 10:08:18', '2003-11-12 09:48:03');
INSERT INTO `profiles` (`user_id`, `gender_id`, `birthday`, `photo_id`, `city_id`, `country_id`, `created_at`, `updated_at`) VALUES (5, 2, '2007-11-10', 5, 5, 5, '2000-12-04 02:11:53', '2003-10-27 00:01:48');
INSERT INTO `profiles` (`user_id`, `gender_id`, `birthday`, `photo_id`, `city_id`, `country_id`, `created_at`, `updated_at`) VALUES (6, 3, '1984-09-15', 6, 6, 6, '2000-09-06 00:33:49', '2003-04-15 19:32:37');
INSERT INTO `profiles` (`user_id`, `gender_id`, `birthday`, `photo_id`, `city_id`, `country_id`, `created_at`, `updated_at`) VALUES (7, 1, '1976-05-21', 7, 7, 7, '2000-01-31 05:14:00', '2003-08-09 17:45:01');
INSERT INTO `profiles` (`user_id`, `gender_id`, `birthday`, `photo_id`, `city_id`, `country_id`, `created_at`, `updated_at`) VALUES (8, 2, '2013-03-10', 8, 8, 8, '2000-06-27 11:50:35', '2003-10-13 18:51:21');
INSERT INTO `profiles` (`user_id`, `gender_id`, `birthday`, `photo_id`, `city_id`, `country_id`, `created_at`, `updated_at`) VALUES (9, 3, '2016-04-18', 9, 9, 9, '2000-09-13 00:26:38', '2003-08-06 23:21:57');
INSERT INTO `profiles` (`user_id`, `gender_id`, `birthday`, `photo_id`, `city_id`, `country_id`, `created_at`, `updated_at`) VALUES (10, 1, '1970-10-25', 10, 10, 10, '2000-09-15 17:29:01', '2003-05-27 19:55:51');
INSERT INTO `profiles` (`user_id`, `gender_id`, `birthday`, `photo_id`, `city_id`, `country_id`, `created_at`, `updated_at`) VALUES (11, 2, '1978-01-27', 11, 11, 11, '2000-07-19 03:39:21', '2003-05-16 00:50:47');
INSERT INTO `profiles` (`user_id`, `gender_id`, `birthday`, `photo_id`, `city_id`, `country_id`, `created_at`, `updated_at`) VALUES (12, 3, '2018-03-02', 12, 12, 12, '2000-11-22 00:22:17', '2003-11-05 06:32:47');
INSERT INTO `profiles` (`user_id`, `gender_id`, `birthday`, `photo_id`, `city_id`, `country_id`, `created_at`, `updated_at`) VALUES (13, 1, '1980-01-26', 13, 13, 13, '2000-01-06 18:16:26', '2003-07-19 04:38:11');
INSERT INTO `profiles` (`user_id`, `gender_id`, `birthday`, `photo_id`, `city_id`, `country_id`, `created_at`, `updated_at`) VALUES (14, 2, '1974-10-18', 14, 14, 14, '2000-04-11 08:31:31', '2003-11-25 09:33:29');
INSERT INTO `profiles` (`user_id`, `gender_id`, `birthday`, `photo_id`, `city_id`, `country_id`, `created_at`, `updated_at`) VALUES (15, 3, '1987-11-24', 15, 15, 15, '2000-03-28 10:28:09', '2003-09-22 23:37:24');
INSERT INTO `profiles` (`user_id`, `gender_id`, `birthday`, `photo_id`, `city_id`, `country_id`, `created_at`, `updated_at`) VALUES (16, 1, '1988-06-15', 16, 16, 16, '2000-06-07 22:33:50', '2003-05-15 22:49:44');
INSERT INTO `profiles` (`user_id`, `gender_id`, `birthday`, `photo_id`, `city_id`, `country_id`, `created_at`, `updated_at`) VALUES (17, 2, '2002-07-19', 17, 17, 17, '2000-10-22 05:00:32', '2003-11-11 13:51:42');
INSERT INTO `profiles` (`user_id`, `gender_id`, `birthday`, `photo_id`, `city_id`, `country_id`, `created_at`, `updated_at`) VALUES (18, 3, '1975-12-22', 18, 18, 18, '2000-04-20 10:54:24', '2003-04-26 19:51:40');
INSERT INTO `profiles` (`user_id`, `gender_id`, `birthday`, `photo_id`, `city_id`, `country_id`, `created_at`, `updated_at`) VALUES (19, 1, '1989-10-24', 19, 19, 19, '2000-05-11 05:51:17', '2003-07-23 14:33:45');
INSERT INTO `profiles` (`user_id`, `gender_id`, `birthday`, `photo_id`, `city_id`, `country_id`, `created_at`, `updated_at`) VALUES (20, 2, '1999-09-07', 20, 20, 20, '2000-04-01 14:22:24', '2003-01-05 00:10:05');
INSERT INTO `profiles` (`user_id`, `gender_id`, `birthday`, `photo_id`, `city_id`, `country_id`, `created_at`, `updated_at`) VALUES (21, 3, '2012-01-12', 21, 21, 21, '2000-12-12 06:36:55', '2003-11-28 20:09:40');
INSERT INTO `profiles` (`user_id`, `gender_id`, `birthday`, `photo_id`, `city_id`, `country_id`, `created_at`, `updated_at`) VALUES (22, 1, '1978-04-16', 22, 22, 22, '2000-01-07 00:51:52', '2003-07-09 11:09:26');
INSERT INTO `profiles` (`user_id`, `gender_id`, `birthday`, `photo_id`, `city_id`, `country_id`, `created_at`, `updated_at`) VALUES (23, 2, '2014-06-04', 23, 23, 23, '2000-02-23 15:49:05', '2003-09-09 03:41:55');
INSERT INTO `profiles` (`user_id`, `gender_id`, `birthday`, `photo_id`, `city_id`, `country_id`, `created_at`, `updated_at`) VALUES (24, 3, '1987-09-21', 24, 24, 24, '2000-04-01 07:48:56', '2003-12-18 18:29:51');
INSERT INTO `profiles` (`user_id`, `gender_id`, `birthday`, `photo_id`, `city_id`, `country_id`, `created_at`, `updated_at`) VALUES (25, 1, '2010-12-15', 25, 25, 25, '2000-11-06 07:42:59', '2003-03-12 07:10:33');
INSERT INTO `profiles` (`user_id`, `gender_id`, `birthday`, `photo_id`, `city_id`, `country_id`, `created_at`, `updated_at`) VALUES (26, 2, '1970-05-24', 26, 26, 26, '2000-05-16 08:51:32', '2003-06-02 03:00:14');
INSERT INTO `profiles` (`user_id`, `gender_id`, `birthday`, `photo_id`, `city_id`, `country_id`, `created_at`, `updated_at`) VALUES (27, 3, '2012-08-06', 27, 27, 27, '2000-11-21 12:07:57', '2003-02-22 19:42:06');
INSERT INTO `profiles` (`user_id`, `gender_id`, `birthday`, `photo_id`, `city_id`, `country_id`, `created_at`, `updated_at`) VALUES (28, 1, '2008-05-02', 28, 28, 28, '2000-11-15 00:54:04', '2003-05-07 03:27:48');
INSERT INTO `profiles` (`user_id`, `gender_id`, `birthday`, `photo_id`, `city_id`, `country_id`, `created_at`, `updated_at`) VALUES (29, 2, '1998-03-06', 29, 29, 29, '2000-04-12 21:32:59', '2003-01-11 06:58:20');
INSERT INTO `profiles` (`user_id`, `gender_id`, `birthday`, `photo_id`, `city_id`, `country_id`, `created_at`, `updated_at`) VALUES (30, 3, '2009-01-16', 30, 30, 30, '2000-05-02 02:21:21', '2003-12-29 22:36:17');
INSERT INTO `profiles` (`user_id`, `gender_id`, `birthday`, `photo_id`, `city_id`, `country_id`, `created_at`, `updated_at`) VALUES (31, 1, '1971-03-09', 31, 31, 31, '2000-09-02 10:00:21', '2003-11-19 07:47:29');
INSERT INTO `profiles` (`user_id`, `gender_id`, `birthday`, `photo_id`, `city_id`, `country_id`, `created_at`, `updated_at`) VALUES (32, 2, '2015-10-30', 32, 32, 32, '2000-09-28 19:18:07', '2003-08-24 04:22:26');
INSERT INTO `profiles` (`user_id`, `gender_id`, `birthday`, `photo_id`, `city_id`, `country_id`, `created_at`, `updated_at`) VALUES (33, 3, '1986-07-13', 33, 33, 33, '2000-09-15 06:47:22', '2003-03-27 15:58:26');
INSERT INTO `profiles` (`user_id`, `gender_id`, `birthday`, `photo_id`, `city_id`, `country_id`, `created_at`, `updated_at`) VALUES (34, 1, '1994-07-16', 34, 34, 34, '2000-07-04 05:59:22', '2003-03-01 09:50:44');
INSERT INTO `profiles` (`user_id`, `gender_id`, `birthday`, `photo_id`, `city_id`, `country_id`, `created_at`, `updated_at`) VALUES (35, 2, '2008-12-28', 35, 35, 35, '2000-08-04 01:15:26', '2003-07-20 19:58:54');
INSERT INTO `profiles` (`user_id`, `gender_id`, `birthday`, `photo_id`, `city_id`, `country_id`, `created_at`, `updated_at`) VALUES (36, 3, '1980-12-22', 36, 36, 36, '2000-01-25 14:57:18', '2003-01-05 20:39:09');
INSERT INTO `profiles` (`user_id`, `gender_id`, `birthday`, `photo_id`, `city_id`, `country_id`, `created_at`, `updated_at`) VALUES (37, 1, '2019-10-10', 37, 37, 37, '2000-06-05 09:32:33', '2003-07-28 13:07:36');
INSERT INTO `profiles` (`user_id`, `gender_id`, `birthday`, `photo_id`, `city_id`, `country_id`, `created_at`, `updated_at`) VALUES (38, 2, '2003-01-10', 38, 38, 38, '2000-04-28 19:15:31', '2003-02-03 10:49:26');
INSERT INTO `profiles` (`user_id`, `gender_id`, `birthday`, `photo_id`, `city_id`, `country_id`, `created_at`, `updated_at`) VALUES (39, 3, '1992-11-28', 39, 39, 39, '2000-01-18 03:47:21', '2003-02-10 06:01:36');
INSERT INTO `profiles` (`user_id`, `gender_id`, `birthday`, `photo_id`, `city_id`, `country_id`, `created_at`, `updated_at`) VALUES (40, 1, '1974-05-09', 40, 40, 40, '2000-12-17 21:00:10', '2003-04-08 13:12:04');
INSERT INTO `profiles` (`user_id`, `gender_id`, `birthday`, `photo_id`, `city_id`, `country_id`, `created_at`, `updated_at`) VALUES (41, 2, '2004-09-26', 41, 41, 41, '2000-05-24 03:00:57', '2003-07-19 14:29:23');
INSERT INTO `profiles` (`user_id`, `gender_id`, `birthday`, `photo_id`, `city_id`, `country_id`, `created_at`, `updated_at`) VALUES (42, 3, '2000-04-08', 42, 42, 42, '2000-09-01 23:10:24', '2003-07-31 16:04:38');
INSERT INTO `profiles` (`user_id`, `gender_id`, `birthday`, `photo_id`, `city_id`, `country_id`, `created_at`, `updated_at`) VALUES (43, 1, '2003-09-29', 43, 43, 43, '2000-12-10 09:56:15', '2003-02-19 07:15:07');
INSERT INTO `profiles` (`user_id`, `gender_id`, `birthday`, `photo_id`, `city_id`, `country_id`, `created_at`, `updated_at`) VALUES (44, 2, '1988-09-18', 44, 44, 44, '2000-11-05 09:59:54', '2003-01-07 10:34:56');
INSERT INTO `profiles` (`user_id`, `gender_id`, `birthday`, `photo_id`, `city_id`, `country_id`, `created_at`, `updated_at`) VALUES (45, 3, '2018-06-09', 45, 45, 45, '2000-08-17 07:49:25', '2003-05-20 19:06:16');
INSERT INTO `profiles` (`user_id`, `gender_id`, `birthday`, `photo_id`, `city_id`, `country_id`, `created_at`, `updated_at`) VALUES (46, 1, '1980-03-16', 46, 46, 46, '2000-04-09 00:59:52', '2003-08-10 07:27:12');
INSERT INTO `profiles` (`user_id`, `gender_id`, `birthday`, `photo_id`, `city_id`, `country_id`, `created_at`, `updated_at`) VALUES (47, 2, '1994-08-03', 47, 47, 47, '2000-08-29 04:52:27', '2003-06-12 17:42:38');
INSERT INTO `profiles` (`user_id`, `gender_id`, `birthday`, `photo_id`, `city_id`, `country_id`, `created_at`, `updated_at`) VALUES (48, 3, '1986-09-28', 48, 48, 48, '2000-06-09 14:45:47', '2003-05-09 08:44:54');
INSERT INTO `profiles` (`user_id`, `gender_id`, `birthday`, `photo_id`, `city_id`, `country_id`, `created_at`, `updated_at`) VALUES (49, 1, '1987-08-20', 49, 49, 49, '2000-09-09 18:01:47', '2003-12-22 06:16:21');
INSERT INTO `profiles` (`user_id`, `gender_id`, `birthday`, `photo_id`, `city_id`, `country_id`, `created_at`, `updated_at`) VALUES (50, 2, '1987-03-16', 50, 50, 50, '2000-10-17 22:35:26', '2003-01-08 01:19:37');
INSERT INTO `profiles` (`user_id`, `gender_id`, `birthday`, `photo_id`, `city_id`, `country_id`, `created_at`, `updated_at`) VALUES (51, 3, '2018-07-26', 51, 51, 51, '2000-09-28 13:46:13', '2003-07-11 02:02:53');
INSERT INTO `profiles` (`user_id`, `gender_id`, `birthday`, `photo_id`, `city_id`, `country_id`, `created_at`, `updated_at`) VALUES (52, 1, '2010-08-29', 52, 52, 52, '2000-08-02 14:35:23', '2003-05-31 00:53:13');
INSERT INTO `profiles` (`user_id`, `gender_id`, `birthday`, `photo_id`, `city_id`, `country_id`, `created_at`, `updated_at`) VALUES (53, 2, '1985-11-08', 53, 53, 53, '2000-12-07 03:59:41', '2003-12-18 16:01:38');
INSERT INTO `profiles` (`user_id`, `gender_id`, `birthday`, `photo_id`, `city_id`, `country_id`, `created_at`, `updated_at`) VALUES (54, 3, '1998-03-03', 54, 54, 54, '2000-06-21 04:20:54', '2003-04-27 08:15:09');
INSERT INTO `profiles` (`user_id`, `gender_id`, `birthday`, `photo_id`, `city_id`, `country_id`, `created_at`, `updated_at`) VALUES (55, 1, '1988-09-10', 55, 55, 55, '2000-09-24 06:49:17', '2003-11-19 08:32:49');
INSERT INTO `profiles` (`user_id`, `gender_id`, `birthday`, `photo_id`, `city_id`, `country_id`, `created_at`, `updated_at`) VALUES (56, 2, '1981-11-28', 56, 56, 56, '2000-08-26 14:05:23', '2003-07-01 03:10:23');
INSERT INTO `profiles` (`user_id`, `gender_id`, `birthday`, `photo_id`, `city_id`, `country_id`, `created_at`, `updated_at`) VALUES (57, 3, '1987-02-28', 57, 57, 57, '2000-06-30 22:23:08', '2003-05-11 17:42:39');
INSERT INTO `profiles` (`user_id`, `gender_id`, `birthday`, `photo_id`, `city_id`, `country_id`, `created_at`, `updated_at`) VALUES (58, 1, '2002-06-12', 58, 58, 58, '2000-11-03 17:08:37', '2003-06-08 05:35:58');
INSERT INTO `profiles` (`user_id`, `gender_id`, `birthday`, `photo_id`, `city_id`, `country_id`, `created_at`, `updated_at`) VALUES (59, 2, '1991-06-07', 59, 59, 59, '2000-03-28 22:19:43', '2003-04-05 22:18:17');
INSERT INTO `profiles` (`user_id`, `gender_id`, `birthday`, `photo_id`, `city_id`, `country_id`, `created_at`, `updated_at`) VALUES (60, 3, '2019-02-27', 60, 60, 60, '2000-11-26 01:13:00', '2003-07-15 00:48:38');
INSERT INTO `profiles` (`user_id`, `gender_id`, `birthday`, `photo_id`, `city_id`, `country_id`, `created_at`, `updated_at`) VALUES (61, 1, '1998-03-04', 61, 61, 61, '2000-02-11 08:07:32', '2003-11-02 11:30:35');
INSERT INTO `profiles` (`user_id`, `gender_id`, `birthday`, `photo_id`, `city_id`, `country_id`, `created_at`, `updated_at`) VALUES (62, 2, '1990-02-14', 62, 62, 62, '2000-04-29 14:06:03', '2003-02-19 07:05:48');
INSERT INTO `profiles` (`user_id`, `gender_id`, `birthday`, `photo_id`, `city_id`, `country_id`, `created_at`, `updated_at`) VALUES (63, 3, '2020-10-04', 63, 63, 63, '2000-08-29 12:07:54', '2003-01-13 00:43:37');
INSERT INTO `profiles` (`user_id`, `gender_id`, `birthday`, `photo_id`, `city_id`, `country_id`, `created_at`, `updated_at`) VALUES (64, 1, '1989-09-01', 64, 64, 64, '2000-12-08 16:06:34', '2003-04-10 05:24:19');
INSERT INTO `profiles` (`user_id`, `gender_id`, `birthday`, `photo_id`, `city_id`, `country_id`, `created_at`, `updated_at`) VALUES (65, 2, '1987-06-25', 65, 65, 65, '2000-03-24 02:59:00', '2003-09-03 09:24:59');
INSERT INTO `profiles` (`user_id`, `gender_id`, `birthday`, `photo_id`, `city_id`, `country_id`, `created_at`, `updated_at`) VALUES (66, 3, '1973-02-10', 66, 66, 66, '2000-01-29 03:22:51', '2003-03-08 17:29:34');
INSERT INTO `profiles` (`user_id`, `gender_id`, `birthday`, `photo_id`, `city_id`, `country_id`, `created_at`, `updated_at`) VALUES (67, 1, '2005-11-15', 67, 67, 67, '2000-09-19 05:41:33', '2003-10-22 05:53:58');
INSERT INTO `profiles` (`user_id`, `gender_id`, `birthday`, `photo_id`, `city_id`, `country_id`, `created_at`, `updated_at`) VALUES (68, 2, '2017-03-12', 68, 68, 68, '2000-06-19 11:53:06', '2003-06-14 00:44:40');
INSERT INTO `profiles` (`user_id`, `gender_id`, `birthday`, `photo_id`, `city_id`, `country_id`, `created_at`, `updated_at`) VALUES (69, 3, '2017-02-23', 69, 69, 69, '2000-05-14 07:38:28', '2003-02-05 12:33:22');
INSERT INTO `profiles` (`user_id`, `gender_id`, `birthday`, `photo_id`, `city_id`, `country_id`, `created_at`, `updated_at`) VALUES (70, 1, '2003-07-02', 70, 70, 70, '2000-12-19 09:25:29', '2003-02-12 22:58:53');
INSERT INTO `profiles` (`user_id`, `gender_id`, `birthday`, `photo_id`, `city_id`, `country_id`, `created_at`, `updated_at`) VALUES (71, 2, '2011-06-06', 71, 71, 71, '2000-05-07 05:24:42', '2003-08-31 05:26:48');
INSERT INTO `profiles` (`user_id`, `gender_id`, `birthday`, `photo_id`, `city_id`, `country_id`, `created_at`, `updated_at`) VALUES (72, 3, '1998-04-09', 72, 72, 72, '2000-08-21 21:04:01', '2003-10-22 10:05:50');
INSERT INTO `profiles` (`user_id`, `gender_id`, `birthday`, `photo_id`, `city_id`, `country_id`, `created_at`, `updated_at`) VALUES (73, 1, '2000-08-24', 73, 73, 73, '2000-07-04 10:21:43', '2003-10-10 05:24:10');
INSERT INTO `profiles` (`user_id`, `gender_id`, `birthday`, `photo_id`, `city_id`, `country_id`, `created_at`, `updated_at`) VALUES (74, 2, '2001-12-07', 74, 74, 74, '2000-08-14 00:46:30', '2003-10-22 18:47:40');
INSERT INTO `profiles` (`user_id`, `gender_id`, `birthday`, `photo_id`, `city_id`, `country_id`, `created_at`, `updated_at`) VALUES (75, 3, '2008-07-28', 75, 75, 75, '2000-09-30 05:22:44', '2003-05-03 14:15:14');
INSERT INTO `profiles` (`user_id`, `gender_id`, `birthday`, `photo_id`, `city_id`, `country_id`, `created_at`, `updated_at`) VALUES (76, 1, '1992-03-31', 76, 76, 76, '2000-02-25 03:22:40', '2003-10-23 06:21:15');
INSERT INTO `profiles` (`user_id`, `gender_id`, `birthday`, `photo_id`, `city_id`, `country_id`, `created_at`, `updated_at`) VALUES (77, 2, '1981-09-20', 77, 77, 77, '2000-04-27 21:52:37', '2003-12-22 03:03:19');
INSERT INTO `profiles` (`user_id`, `gender_id`, `birthday`, `photo_id`, `city_id`, `country_id`, `created_at`, `updated_at`) VALUES (78, 3, '2004-10-01', 78, 78, 78, '2000-04-03 11:10:51', '2003-11-16 08:32:23');
INSERT INTO `profiles` (`user_id`, `gender_id`, `birthday`, `photo_id`, `city_id`, `country_id`, `created_at`, `updated_at`) VALUES (79, 1, '1988-11-16', 79, 79, 79, '2000-08-01 00:47:44', '2003-05-28 07:09:30');
INSERT INTO `profiles` (`user_id`, `gender_id`, `birthday`, `photo_id`, `city_id`, `country_id`, `created_at`, `updated_at`) VALUES (80, 2, '1972-03-16', 80, 80, 80, '2000-05-04 06:06:50', '2003-03-27 11:27:34');
INSERT INTO `profiles` (`user_id`, `gender_id`, `birthday`, `photo_id`, `city_id`, `country_id`, `created_at`, `updated_at`) VALUES (81, 3, '1998-01-06', 81, 81, 81, '2000-11-13 15:26:45', '2003-01-15 23:05:09');
INSERT INTO `profiles` (`user_id`, `gender_id`, `birthday`, `photo_id`, `city_id`, `country_id`, `created_at`, `updated_at`) VALUES (82, 1, '1970-11-29', 82, 82, 82, '2000-01-31 06:35:08', '2003-10-01 07:51:31');
INSERT INTO `profiles` (`user_id`, `gender_id`, `birthday`, `photo_id`, `city_id`, `country_id`, `created_at`, `updated_at`) VALUES (83, 2, '1984-10-10', 83, 83, 83, '2000-04-03 15:27:25', '2003-04-13 20:47:11');
INSERT INTO `profiles` (`user_id`, `gender_id`, `birthday`, `photo_id`, `city_id`, `country_id`, `created_at`, `updated_at`) VALUES (84, 3, '1990-05-04', 84, 84, 84, '2000-03-28 19:01:45', '2003-02-20 14:40:08');
INSERT INTO `profiles` (`user_id`, `gender_id`, `birthday`, `photo_id`, `city_id`, `country_id`, `created_at`, `updated_at`) VALUES (85, 1, '1997-05-27', 85, 85, 85, '2000-05-09 09:13:05', '2003-11-15 01:04:28');
INSERT INTO `profiles` (`user_id`, `gender_id`, `birthday`, `photo_id`, `city_id`, `country_id`, `created_at`, `updated_at`) VALUES (86, 2, '1979-06-02', 86, 86, 86, '2000-03-27 21:59:23', '2003-01-12 17:46:46');
INSERT INTO `profiles` (`user_id`, `gender_id`, `birthday`, `photo_id`, `city_id`, `country_id`, `created_at`, `updated_at`) VALUES (87, 3, '1972-07-23', 87, 87, 87, '2000-11-22 14:25:04', '2003-10-20 12:10:35');
INSERT INTO `profiles` (`user_id`, `gender_id`, `birthday`, `photo_id`, `city_id`, `country_id`, `created_at`, `updated_at`) VALUES (88, 1, '1973-05-05', 88, 88, 88, '2000-08-18 19:51:56', '2003-04-25 03:25:08');
INSERT INTO `profiles` (`user_id`, `gender_id`, `birthday`, `photo_id`, `city_id`, `country_id`, `created_at`, `updated_at`) VALUES (89, 2, '1999-07-11', 89, 89, 89, '2000-11-29 16:08:35', '2003-03-27 21:47:54');
INSERT INTO `profiles` (`user_id`, `gender_id`, `birthday`, `photo_id`, `city_id`, `country_id`, `created_at`, `updated_at`) VALUES (90, 3, '1977-12-26', 90, 90, 90, '2000-06-10 22:08:03', '2003-05-17 17:11:24');
INSERT INTO `profiles` (`user_id`, `gender_id`, `birthday`, `photo_id`, `city_id`, `country_id`, `created_at`, `updated_at`) VALUES (91, 1, '2015-03-21', 91, 91, 91, '2000-02-07 15:12:11', '2003-03-26 10:46:07');
INSERT INTO `profiles` (`user_id`, `gender_id`, `birthday`, `photo_id`, `city_id`, `country_id`, `created_at`, `updated_at`) VALUES (92, 2, '2016-08-19', 92, 92, 92, '2000-12-22 04:31:41', '2003-07-09 00:22:18');
INSERT INTO `profiles` (`user_id`, `gender_id`, `birthday`, `photo_id`, `city_id`, `country_id`, `created_at`, `updated_at`) VALUES (93, 3, '1974-03-26', 93, 93, 93, '2000-09-12 01:20:06', '2003-06-13 16:58:18');
INSERT INTO `profiles` (`user_id`, `gender_id`, `birthday`, `photo_id`, `city_id`, `country_id`, `created_at`, `updated_at`) VALUES (94, 1, '2019-01-15', 94, 94, 94, '2000-06-13 01:29:40', '2003-06-24 01:17:09');
INSERT INTO `profiles` (`user_id`, `gender_id`, `birthday`, `photo_id`, `city_id`, `country_id`, `created_at`, `updated_at`) VALUES (95, 2, '1977-05-20', 95, 95, 95, '2000-09-30 17:27:31', '2003-01-21 01:03:09');
INSERT INTO `profiles` (`user_id`, `gender_id`, `birthday`, `photo_id`, `city_id`, `country_id`, `created_at`, `updated_at`) VALUES (96, 3, '2002-01-22', 96, 96, 96, '2000-01-18 08:53:50', '2003-05-29 16:23:56');
INSERT INTO `profiles` (`user_id`, `gender_id`, `birthday`, `photo_id`, `city_id`, `country_id`, `created_at`, `updated_at`) VALUES (97, 1, '1979-12-04', 97, 97, 97, '2000-12-03 13:31:03', '2003-05-23 03:19:39');
INSERT INTO `profiles` (`user_id`, `gender_id`, `birthday`, `photo_id`, `city_id`, `country_id`, `created_at`, `updated_at`) VALUES (98, 2, '1989-04-03', 98, 98, 98, '2000-02-18 22:56:14', '2003-08-07 20:14:56');
INSERT INTO `profiles` (`user_id`, `gender_id`, `birthday`, `photo_id`, `city_id`, `country_id`, `created_at`, `updated_at`) VALUES (99, 3, '2007-05-09', 99, 99, 99, '2000-08-24 01:57:03', '2003-12-06 03:46:31');
INSERT INTO `profiles` (`user_id`, `gender_id`, `birthday`, `photo_id`, `city_id`, `country_id`, `created_at`, `updated_at`) VALUES (100, 1, '2003-07-05', 100, 100, 100, '2000-08-08 06:00:52', '2003-11-26 15:58:20');


#
# TABLE STRUCTURE FOR: roles
#

DROP TABLE IF EXISTS `roles`;

CREATE TABLE `roles` (
  `id` int(10) unsigned NOT NULL AUTO_INCREMENT COMMENT 'Идентификатор строки',
  `name` varchar(100) COLLATE utf8_unicode_ci NOT NULL COMMENT 'Название роли пользвателя',
  `created_at` datetime DEFAULT current_timestamp() COMMENT 'Время создания строки',
  `updated_at` datetime DEFAULT current_timestamp() ON UPDATE current_timestamp() COMMENT 'Время обновления строки',
  PRIMARY KEY (`id`)
) ENGINE=InnoDB AUTO_INCREMENT=11 DEFAULT CHARSET=utf8 COLLATE=utf8_unicode_ci COMMENT='Пол пользвателя';

INSERT INTO `roles` (`id`, `name`, `created_at`, `updated_at`) VALUES (1, 'alias', '2000-11-21 08:41:29', '2001-07-01 00:57:25');
INSERT INTO `roles` (`id`, `name`, `created_at`, `updated_at`) VALUES (2, 'ut', '2000-09-15 22:25:13', '2001-10-26 18:54:09');
INSERT INTO `roles` (`id`, `name`, `created_at`, `updated_at`) VALUES (3, 'aliquam', '2000-03-27 06:12:49', '2001-11-25 05:21:11');
INSERT INTO `roles` (`id`, `name`, `created_at`, `updated_at`) VALUES (4, 'beatae', '2000-02-05 11:23:01', '2001-03-10 08:37:46');
INSERT INTO `roles` (`id`, `name`, `created_at`, `updated_at`) VALUES (5, 'repudiandae', '2000-12-28 17:01:23', '2001-07-09 06:57:00');
INSERT INTO `roles` (`id`, `name`, `created_at`, `updated_at`) VALUES (6, 'veritatis', '2000-11-11 22:20:05', '2001-04-17 22:17:47');
INSERT INTO `roles` (`id`, `name`, `created_at`, `updated_at`) VALUES (7, 'voluptas', '2000-07-29 15:15:01', '2001-04-20 13:48:56');
INSERT INTO `roles` (`id`, `name`, `created_at`, `updated_at`) VALUES (8, 'aperiam', '2000-08-10 20:53:33', '2001-11-14 12:57:40');
INSERT INTO `roles` (`id`, `name`, `created_at`, `updated_at`) VALUES (9, 'eum', '2000-05-14 18:35:27', '2001-12-08 15:48:20');
INSERT INTO `roles` (`id`, `name`, `created_at`, `updated_at`) VALUES (10, 'veniam', '2000-04-01 05:10:46', '2001-12-05 23:55:38');


#
# TABLE STRUCTURE FOR: study_group_users
#

DROP TABLE IF EXISTS `study_group_users`;

CREATE TABLE `study_group_users` (
  `study_group_id` int(10) unsigned NOT NULL COMMENT 'ID группы',
  `user_id` int(10) unsigned NOT NULL COMMENT 'связь с пользвателем',
  `created_at` datetime DEFAULT current_timestamp() COMMENT 'Дата добавления медиа файла',
  PRIMARY KEY (`study_group_id`,`user_id`) COMMENT 'Ключ по двум полям'
) ENGINE=InnoDB DEFAULT CHARSET=utf8 COLLATE=utf8_unicode_ci COMMENT='Связь групп учащихся и пользователей';

INSERT INTO `study_group_users` (`study_group_id`, `user_id`, `created_at`) VALUES (1, 1, '2000-05-10 13:42:17');
INSERT INTO `study_group_users` (`study_group_id`, `user_id`, `created_at`) VALUES (2, 2, '2000-11-05 13:38:25');
INSERT INTO `study_group_users` (`study_group_id`, `user_id`, `created_at`) VALUES (3, 3, '2000-11-02 18:26:23');
INSERT INTO `study_group_users` (`study_group_id`, `user_id`, `created_at`) VALUES (4, 4, '2000-03-04 01:31:01');
INSERT INTO `study_group_users` (`study_group_id`, `user_id`, `created_at`) VALUES (5, 5, '2000-11-09 00:29:53');
INSERT INTO `study_group_users` (`study_group_id`, `user_id`, `created_at`) VALUES (6, 6, '2000-02-08 17:34:13');
INSERT INTO `study_group_users` (`study_group_id`, `user_id`, `created_at`) VALUES (7, 7, '2000-08-12 09:18:34');
INSERT INTO `study_group_users` (`study_group_id`, `user_id`, `created_at`) VALUES (8, 8, '2000-11-01 08:21:45');
INSERT INTO `study_group_users` (`study_group_id`, `user_id`, `created_at`) VALUES (9, 9, '2000-07-26 04:25:26');
INSERT INTO `study_group_users` (`study_group_id`, `user_id`, `created_at`) VALUES (10, 10, '2000-08-05 00:28:02');
INSERT INTO `study_group_users` (`study_group_id`, `user_id`, `created_at`) VALUES (11, 11, '2000-12-07 16:27:33');
INSERT INTO `study_group_users` (`study_group_id`, `user_id`, `created_at`) VALUES (12, 12, '2000-05-28 11:41:45');
INSERT INTO `study_group_users` (`study_group_id`, `user_id`, `created_at`) VALUES (13, 13, '2000-02-09 21:56:03');
INSERT INTO `study_group_users` (`study_group_id`, `user_id`, `created_at`) VALUES (14, 14, '2000-06-10 03:24:24');
INSERT INTO `study_group_users` (`study_group_id`, `user_id`, `created_at`) VALUES (15, 15, '2000-01-19 16:06:02');
INSERT INTO `study_group_users` (`study_group_id`, `user_id`, `created_at`) VALUES (16, 16, '2000-04-16 13:53:45');
INSERT INTO `study_group_users` (`study_group_id`, `user_id`, `created_at`) VALUES (17, 17, '2000-08-28 09:01:24');
INSERT INTO `study_group_users` (`study_group_id`, `user_id`, `created_at`) VALUES (18, 18, '2000-11-12 03:40:16');
INSERT INTO `study_group_users` (`study_group_id`, `user_id`, `created_at`) VALUES (19, 19, '2000-10-16 11:13:16');
INSERT INTO `study_group_users` (`study_group_id`, `user_id`, `created_at`) VALUES (20, 20, '2000-06-19 12:35:03');
INSERT INTO `study_group_users` (`study_group_id`, `user_id`, `created_at`) VALUES (21, 21, '2000-02-17 21:15:14');
INSERT INTO `study_group_users` (`study_group_id`, `user_id`, `created_at`) VALUES (22, 22, '2000-11-14 00:44:56');
INSERT INTO `study_group_users` (`study_group_id`, `user_id`, `created_at`) VALUES (23, 23, '2000-01-05 21:53:23');
INSERT INTO `study_group_users` (`study_group_id`, `user_id`, `created_at`) VALUES (24, 24, '2000-12-18 20:57:31');
INSERT INTO `study_group_users` (`study_group_id`, `user_id`, `created_at`) VALUES (25, 25, '2000-05-05 22:19:03');
INSERT INTO `study_group_users` (`study_group_id`, `user_id`, `created_at`) VALUES (26, 26, '2000-03-27 22:06:34');
INSERT INTO `study_group_users` (`study_group_id`, `user_id`, `created_at`) VALUES (27, 27, '2000-01-08 15:49:51');
INSERT INTO `study_group_users` (`study_group_id`, `user_id`, `created_at`) VALUES (28, 28, '2000-10-26 03:32:39');
INSERT INTO `study_group_users` (`study_group_id`, `user_id`, `created_at`) VALUES (29, 29, '2000-03-24 16:38:51');
INSERT INTO `study_group_users` (`study_group_id`, `user_id`, `created_at`) VALUES (30, 30, '2000-01-08 07:43:12');
INSERT INTO `study_group_users` (`study_group_id`, `user_id`, `created_at`) VALUES (31, 31, '2000-09-19 19:19:37');
INSERT INTO `study_group_users` (`study_group_id`, `user_id`, `created_at`) VALUES (32, 32, '2000-01-02 07:46:55');
INSERT INTO `study_group_users` (`study_group_id`, `user_id`, `created_at`) VALUES (33, 33, '2000-03-30 08:46:15');
INSERT INTO `study_group_users` (`study_group_id`, `user_id`, `created_at`) VALUES (34, 34, '2000-03-19 19:40:52');
INSERT INTO `study_group_users` (`study_group_id`, `user_id`, `created_at`) VALUES (35, 35, '2000-06-05 17:46:08');
INSERT INTO `study_group_users` (`study_group_id`, `user_id`, `created_at`) VALUES (36, 36, '2000-03-03 21:16:05');
INSERT INTO `study_group_users` (`study_group_id`, `user_id`, `created_at`) VALUES (37, 37, '2000-11-19 04:07:59');
INSERT INTO `study_group_users` (`study_group_id`, `user_id`, `created_at`) VALUES (38, 38, '2000-11-23 04:19:31');
INSERT INTO `study_group_users` (`study_group_id`, `user_id`, `created_at`) VALUES (39, 39, '2000-07-20 05:00:31');
INSERT INTO `study_group_users` (`study_group_id`, `user_id`, `created_at`) VALUES (40, 40, '2000-02-10 05:07:04');
INSERT INTO `study_group_users` (`study_group_id`, `user_id`, `created_at`) VALUES (41, 41, '2000-02-13 09:46:30');
INSERT INTO `study_group_users` (`study_group_id`, `user_id`, `created_at`) VALUES (42, 42, '2000-04-09 09:18:51');
INSERT INTO `study_group_users` (`study_group_id`, `user_id`, `created_at`) VALUES (43, 43, '2000-05-11 16:59:19');
INSERT INTO `study_group_users` (`study_group_id`, `user_id`, `created_at`) VALUES (44, 44, '2000-01-17 20:03:48');
INSERT INTO `study_group_users` (`study_group_id`, `user_id`, `created_at`) VALUES (45, 45, '2000-10-18 09:54:07');
INSERT INTO `study_group_users` (`study_group_id`, `user_id`, `created_at`) VALUES (46, 46, '2000-01-09 07:44:37');
INSERT INTO `study_group_users` (`study_group_id`, `user_id`, `created_at`) VALUES (47, 47, '2000-11-22 22:56:08');
INSERT INTO `study_group_users` (`study_group_id`, `user_id`, `created_at`) VALUES (48, 48, '2000-06-16 01:23:42');
INSERT INTO `study_group_users` (`study_group_id`, `user_id`, `created_at`) VALUES (49, 49, '2000-09-06 17:20:56');
INSERT INTO `study_group_users` (`study_group_id`, `user_id`, `created_at`) VALUES (50, 50, '2000-11-26 17:27:36');
INSERT INTO `study_group_users` (`study_group_id`, `user_id`, `created_at`) VALUES (51, 51, '2000-02-03 09:53:29');
INSERT INTO `study_group_users` (`study_group_id`, `user_id`, `created_at`) VALUES (52, 52, '2000-04-14 19:11:35');
INSERT INTO `study_group_users` (`study_group_id`, `user_id`, `created_at`) VALUES (53, 53, '2000-07-23 20:40:23');
INSERT INTO `study_group_users` (`study_group_id`, `user_id`, `created_at`) VALUES (54, 54, '2000-03-13 02:22:36');
INSERT INTO `study_group_users` (`study_group_id`, `user_id`, `created_at`) VALUES (55, 55, '2000-01-29 15:49:55');
INSERT INTO `study_group_users` (`study_group_id`, `user_id`, `created_at`) VALUES (56, 56, '2000-04-16 07:45:55');
INSERT INTO `study_group_users` (`study_group_id`, `user_id`, `created_at`) VALUES (57, 57, '2000-09-15 19:17:15');
INSERT INTO `study_group_users` (`study_group_id`, `user_id`, `created_at`) VALUES (58, 58, '2000-05-29 20:31:20');
INSERT INTO `study_group_users` (`study_group_id`, `user_id`, `created_at`) VALUES (59, 59, '2000-11-14 23:37:47');
INSERT INTO `study_group_users` (`study_group_id`, `user_id`, `created_at`) VALUES (60, 60, '2000-09-05 18:33:55');
INSERT INTO `study_group_users` (`study_group_id`, `user_id`, `created_at`) VALUES (61, 61, '2000-03-05 10:38:14');
INSERT INTO `study_group_users` (`study_group_id`, `user_id`, `created_at`) VALUES (62, 62, '2000-12-16 20:21:05');
INSERT INTO `study_group_users` (`study_group_id`, `user_id`, `created_at`) VALUES (63, 63, '2000-07-29 08:22:03');
INSERT INTO `study_group_users` (`study_group_id`, `user_id`, `created_at`) VALUES (64, 64, '2000-03-12 09:38:36');
INSERT INTO `study_group_users` (`study_group_id`, `user_id`, `created_at`) VALUES (65, 65, '2000-05-06 10:33:40');
INSERT INTO `study_group_users` (`study_group_id`, `user_id`, `created_at`) VALUES (66, 66, '2000-12-27 15:40:19');
INSERT INTO `study_group_users` (`study_group_id`, `user_id`, `created_at`) VALUES (67, 67, '2000-10-19 17:04:46');
INSERT INTO `study_group_users` (`study_group_id`, `user_id`, `created_at`) VALUES (68, 68, '2000-09-01 00:57:26');
INSERT INTO `study_group_users` (`study_group_id`, `user_id`, `created_at`) VALUES (69, 69, '2000-09-13 21:25:01');
INSERT INTO `study_group_users` (`study_group_id`, `user_id`, `created_at`) VALUES (70, 70, '2000-03-28 04:24:46');
INSERT INTO `study_group_users` (`study_group_id`, `user_id`, `created_at`) VALUES (71, 71, '2000-08-04 02:08:49');
INSERT INTO `study_group_users` (`study_group_id`, `user_id`, `created_at`) VALUES (72, 72, '2000-09-09 19:54:10');
INSERT INTO `study_group_users` (`study_group_id`, `user_id`, `created_at`) VALUES (73, 73, '2000-12-01 04:15:59');
INSERT INTO `study_group_users` (`study_group_id`, `user_id`, `created_at`) VALUES (74, 74, '2000-04-29 13:33:58');
INSERT INTO `study_group_users` (`study_group_id`, `user_id`, `created_at`) VALUES (75, 75, '2000-01-03 00:41:24');
INSERT INTO `study_group_users` (`study_group_id`, `user_id`, `created_at`) VALUES (76, 76, '2000-08-06 00:56:15');
INSERT INTO `study_group_users` (`study_group_id`, `user_id`, `created_at`) VALUES (77, 77, '2000-09-18 21:19:46');
INSERT INTO `study_group_users` (`study_group_id`, `user_id`, `created_at`) VALUES (78, 78, '2000-06-14 11:01:29');
INSERT INTO `study_group_users` (`study_group_id`, `user_id`, `created_at`) VALUES (79, 79, '2000-07-16 19:10:17');
INSERT INTO `study_group_users` (`study_group_id`, `user_id`, `created_at`) VALUES (80, 80, '2000-11-02 23:39:21');
INSERT INTO `study_group_users` (`study_group_id`, `user_id`, `created_at`) VALUES (81, 81, '2000-10-03 19:25:27');
INSERT INTO `study_group_users` (`study_group_id`, `user_id`, `created_at`) VALUES (82, 82, '2000-02-27 08:05:19');
INSERT INTO `study_group_users` (`study_group_id`, `user_id`, `created_at`) VALUES (83, 83, '2000-01-10 06:36:40');
INSERT INTO `study_group_users` (`study_group_id`, `user_id`, `created_at`) VALUES (84, 84, '2000-05-30 22:05:56');
INSERT INTO `study_group_users` (`study_group_id`, `user_id`, `created_at`) VALUES (85, 85, '2000-06-19 04:23:23');
INSERT INTO `study_group_users` (`study_group_id`, `user_id`, `created_at`) VALUES (86, 86, '2000-11-10 00:30:28');
INSERT INTO `study_group_users` (`study_group_id`, `user_id`, `created_at`) VALUES (87, 87, '2000-02-05 07:04:42');
INSERT INTO `study_group_users` (`study_group_id`, `user_id`, `created_at`) VALUES (88, 88, '2000-03-24 18:03:34');
INSERT INTO `study_group_users` (`study_group_id`, `user_id`, `created_at`) VALUES (89, 89, '2000-10-26 17:37:45');
INSERT INTO `study_group_users` (`study_group_id`, `user_id`, `created_at`) VALUES (90, 90, '2000-03-06 22:43:32');
INSERT INTO `study_group_users` (`study_group_id`, `user_id`, `created_at`) VALUES (91, 91, '2000-02-21 13:21:51');
INSERT INTO `study_group_users` (`study_group_id`, `user_id`, `created_at`) VALUES (92, 92, '2000-01-04 22:43:04');
INSERT INTO `study_group_users` (`study_group_id`, `user_id`, `created_at`) VALUES (93, 93, '2000-08-14 16:35:34');
INSERT INTO `study_group_users` (`study_group_id`, `user_id`, `created_at`) VALUES (94, 94, '2000-05-19 04:07:43');
INSERT INTO `study_group_users` (`study_group_id`, `user_id`, `created_at`) VALUES (95, 95, '2000-01-16 14:56:55');
INSERT INTO `study_group_users` (`study_group_id`, `user_id`, `created_at`) VALUES (96, 96, '2000-01-04 10:04:21');
INSERT INTO `study_group_users` (`study_group_id`, `user_id`, `created_at`) VALUES (97, 97, '2000-09-08 15:05:44');
INSERT INTO `study_group_users` (`study_group_id`, `user_id`, `created_at`) VALUES (98, 98, '2000-10-16 04:07:04');
INSERT INTO `study_group_users` (`study_group_id`, `user_id`, `created_at`) VALUES (99, 99, '2000-04-20 19:49:24');
INSERT INTO `study_group_users` (`study_group_id`, `user_id`, `created_at`) VALUES (100, 100, '2000-12-22 06:07:59');


#
# TABLE STRUCTURE FOR: study_groups
#

DROP TABLE IF EXISTS `study_groups`;

CREATE TABLE `study_groups` (
  `id` int(10) unsigned NOT NULL AUTO_INCREMENT COMMENT 'Идентификатор строки',
  `name` varchar(100) COLLATE utf8_unicode_ci NOT NULL COMMENT 'Название группы',
  `description` text COLLATE utf8_unicode_ci NOT NULL COMMENT 'описание',
  `created_at` datetime DEFAULT current_timestamp() COMMENT 'Время создания строки',
  `updated_at` datetime DEFAULT current_timestamp() ON UPDATE current_timestamp() COMMENT 'Время обновления строки',
  PRIMARY KEY (`id`)
) ENGINE=InnoDB AUTO_INCREMENT=101 DEFAULT CHARSET=utf8 COLLATE=utf8_unicode_ci COMMENT='Группы учащихся';

INSERT INTO `study_groups` (`id`, `name`, `description`, `created_at`, `updated_at`) VALUES (1, 'tempora', 'Impedit neque ex dolorem dignissimos a ad et. Minus ipsa voluptas asperiores facilis voluptas quas voluptatem. Sint ipsum molestias ipsum explicabo rem.', '2001-01-17 11:15:45', '2002-05-04 18:31:01');
INSERT INTO `study_groups` (`id`, `name`, `description`, `created_at`, `updated_at`) VALUES (2, 'officiis', 'Nemo dolorem asperiores perferendis ipsam deserunt. Impedit ullam ducimus et et architecto tempora. Asperiores consequatur nostrum accusantium esse deleniti.', '2001-02-27 05:28:33', '2002-03-09 11:24:01');
INSERT INTO `study_groups` (`id`, `name`, `description`, `created_at`, `updated_at`) VALUES (3, 'quia', 'Nihil dolorem enim sit adipisci suscipit. Ducimus qui qui asperiores suscipit. Qui mollitia excepturi occaecati rem. Asperiores eos rerum et iste ipsa consequatur.', '2001-04-13 22:06:16', '2002-02-22 22:31:21');
INSERT INTO `study_groups` (`id`, `name`, `description`, `created_at`, `updated_at`) VALUES (4, 'animi', 'Rerum quis eos omnis ipsa quidem in amet. Quia quibusdam vel iste vero omnis veritatis. Deleniti dolores enim vero magni. Voluptatem est et rerum et est et aliquam.', '2001-06-15 04:59:26', '2002-07-14 21:55:01');
INSERT INTO `study_groups` (`id`, `name`, `description`, `created_at`, `updated_at`) VALUES (5, 'veniam', 'Nemo nemo minus quis consequatur eaque fuga voluptatem. Accusamus at dolorem perspiciatis eveniet sapiente laborum alias veniam. Aut est ratione quo eos ut. Enim natus ut perferendis similique nobis dolores totam.', '2001-09-09 12:36:36', '2002-07-08 01:47:11');
INSERT INTO `study_groups` (`id`, `name`, `description`, `created_at`, `updated_at`) VALUES (6, 'et', 'Nostrum ratione est officia qui perspiciatis. Omnis quis accusantium delectus quaerat quas. Voluptas deserunt repudiandae aut cupiditate odit. Ut sequi doloribus voluptatem.', '2001-10-20 03:41:12', '2002-11-17 17:38:22');
INSERT INTO `study_groups` (`id`, `name`, `description`, `created_at`, `updated_at`) VALUES (7, 'reprehenderit', 'Fuga quae id placeat hic doloremque. Expedita praesentium expedita numquam aut ut. Tempore et vel nulla officia pariatur distinctio. Mollitia labore omnis quibusdam est praesentium.', '2001-01-11 01:45:21', '2002-07-21 20:55:16');
INSERT INTO `study_groups` (`id`, `name`, `description`, `created_at`, `updated_at`) VALUES (8, 'consequuntur', 'Qui praesentium deleniti ut expedita corrupti. Nostrum sunt non aut et sint reprehenderit. Sint sit est voluptatibus error fugit. Neque aliquam in et voluptas et culpa.', '2001-02-28 13:27:29', '2002-06-25 01:14:47');
INSERT INTO `study_groups` (`id`, `name`, `description`, `created_at`, `updated_at`) VALUES (9, 'earum', 'Ipsum vitae eaque voluptatibus occaecati. Quae qui tenetur consequatur fugit vitae sunt. Non neque ipsa voluptatem provident. Explicabo tempora optio rerum sit.', '2001-05-29 02:16:45', '2002-09-24 19:27:12');
INSERT INTO `study_groups` (`id`, `name`, `description`, `created_at`, `updated_at`) VALUES (10, 'ut', 'Maxime dolores natus facere in in in ut. Dolor quaerat aut inventore. At sed sequi placeat error voluptate non quia.', '2001-09-30 10:13:13', '2002-09-25 23:33:52');
INSERT INTO `study_groups` (`id`, `name`, `description`, `created_at`, `updated_at`) VALUES (11, 'quidem', 'Nihil vel omnis rerum eos excepturi aut corporis. Quos dicta hic tempora eos est repudiandae. Dolores ratione nobis officia impedit. Fugit sint et et est aut laudantium dicta.', '2001-02-10 13:20:55', '2002-08-02 03:21:35');
INSERT INTO `study_groups` (`id`, `name`, `description`, `created_at`, `updated_at`) VALUES (12, 'magnam', 'Veniam mollitia ut ut ut id. Omnis delectus beatae quam qui. Et quae laudantium excepturi assumenda voluptatem eum. Consectetur eum sint rerum libero iusto sunt.', '2001-01-10 08:36:18', '2002-07-12 13:04:43');
INSERT INTO `study_groups` (`id`, `name`, `description`, `created_at`, `updated_at`) VALUES (13, 'quibusdam', 'Sequi aliquam quis quia quasi. Illum corrupti modi corrupti sunt quae saepe. Reprehenderit aut dolorum quasi sed illo. Optio qui molestiae ipsum tempora porro.', '2001-01-02 06:08:01', '2002-10-08 14:10:08');
INSERT INTO `study_groups` (`id`, `name`, `description`, `created_at`, `updated_at`) VALUES (14, 'maiores', 'Quod accusamus dolorum quod vitae non omnis mollitia voluptatem. Sunt dolor recusandae aut aspernatur sed. Est ut eligendi est laboriosam id facere exercitationem nemo. Rerum placeat minus tempore corrupti aspernatur.', '2001-05-09 18:32:55', '2002-07-21 02:48:34');
INSERT INTO `study_groups` (`id`, `name`, `description`, `created_at`, `updated_at`) VALUES (15, 'explicabo', 'Ad magni incidunt architecto occaecati sint molestias. Molestias culpa commodi rerum expedita. Labore dolorum et unde. Et quae consequatur modi est.', '2001-08-02 03:37:38', '2002-03-22 00:11:31');
INSERT INTO `study_groups` (`id`, `name`, `description`, `created_at`, `updated_at`) VALUES (16, 'asperiores', 'Aut aut non reiciendis aut facere. Harum autem rerum a omnis magnam magni. Quia debitis ut tempora quaerat distinctio.', '2001-07-30 13:28:12', '2002-12-01 20:13:57');
INSERT INTO `study_groups` (`id`, `name`, `description`, `created_at`, `updated_at`) VALUES (17, 'dolore', 'Quia laboriosam in odit quas. Est neque repudiandae iusto eos hic. Voluptatibus architecto qui voluptatem sunt. Unde ut nisi porro facilis.', '2001-03-05 21:23:03', '2002-01-05 05:06:27');
INSERT INTO `study_groups` (`id`, `name`, `description`, `created_at`, `updated_at`) VALUES (18, 'ipsum', 'Autem rem eligendi asperiores reiciendis. Voluptate sapiente ipsum nulla. Ut veritatis aliquam harum vel voluptatibus impedit.', '2001-03-28 19:33:24', '2002-07-30 12:23:18');
INSERT INTO `study_groups` (`id`, `name`, `description`, `created_at`, `updated_at`) VALUES (19, 'dolores', 'Qui ut quidem quasi in similique odit deserunt. Necessitatibus modi facilis et voluptates officia error dolorem quia. Consequuntur itaque distinctio qui.', '2001-11-30 15:19:30', '2002-02-03 23:33:45');
INSERT INTO `study_groups` (`id`, `name`, `description`, `created_at`, `updated_at`) VALUES (20, 'qui', 'Laboriosam debitis molestiae aut excepturi. Eum consequatur reiciendis quidem minus odio. Ab aut voluptatem eaque. Neque commodi quibusdam aliquam nemo non dolorum veritatis.', '2001-06-23 08:02:19', '2001-06-23 08:02:19');
INSERT INTO `study_groups` (`id`, `name`, `description`, `created_at`, `updated_at`) VALUES (21, 'similique', 'Nihil illo ullam ad quia. Et neque quas necessitatibus sit suscipit esse. Similique numquam illum odio velit dolorum. Qui ab molestiae possimus eos eius. Eveniet quo nemo autem.', '2001-12-01 06:53:36', '2002-05-25 22:45:03');
INSERT INTO `study_groups` (`id`, `name`, `description`, `created_at`, `updated_at`) VALUES (22, 'nemo', 'Animi aut est rerum tempora eos in officia. Inventore dicta voluptatem provident maiores. At aut asperiores autem harum odit. Quas similique consectetur veniam suscipit commodi quam.', '2001-05-31 05:34:41', '2002-02-13 10:09:16');
INSERT INTO `study_groups` (`id`, `name`, `description`, `created_at`, `updated_at`) VALUES (23, 'at', 'Repudiandae illum sequi deleniti dolores corporis voluptatem eveniet ut. Inventore tempore vitae voluptas. Ea eos quas qui. Eos eligendi pariatur alias voluptatem labore sed.', '2001-06-07 09:06:18', '2002-06-09 23:19:54');
INSERT INTO `study_groups` (`id`, `name`, `description`, `created_at`, `updated_at`) VALUES (24, 'commodi', 'Reprehenderit consequatur consequatur non unde. Qui consequuntur aspernatur et cupiditate. Ex dolor qui autem. Non vel voluptatem iste aliquam voluptatibus veniam sapiente consequatur.', '2001-09-03 22:51:42', '2002-07-31 12:36:00');
INSERT INTO `study_groups` (`id`, `name`, `description`, `created_at`, `updated_at`) VALUES (25, 'provident', 'Beatae labore omnis optio eius iusto quaerat. Nesciunt tempore ea minima sunt ut. Hic omnis est quibusdam molestiae excepturi qui ratione quod.', '2001-09-08 14:00:36', '2002-03-31 12:43:37');
INSERT INTO `study_groups` (`id`, `name`, `description`, `created_at`, `updated_at`) VALUES (26, 'deserunt', 'Vero quibusdam quibusdam non occaecati. Enim labore assumenda ipsam iure. Aut repellat illum qui doloremque. Aut rerum eos porro.', '2001-09-19 22:23:28', '2002-07-02 19:01:17');
INSERT INTO `study_groups` (`id`, `name`, `description`, `created_at`, `updated_at`) VALUES (27, 'vero', 'Quis occaecati molestias dolore accusantium aliquid. Quia voluptates facere ipsam odit ut nihil quia sint. Natus voluptatem et et odit aut unde non. Placeat id eum est vel animi veritatis.', '2001-12-15 16:39:40', '2002-07-30 09:52:22');
INSERT INTO `study_groups` (`id`, `name`, `description`, `created_at`, `updated_at`) VALUES (28, 'est', 'Doloremque esse quia necessitatibus temporibus autem blanditiis. Nam quasi ipsa quos voluptatem veniam et ea. Et quae aut ea voluptatem dolor.', '2001-04-05 23:41:23', '2002-06-24 00:41:29');
INSERT INTO `study_groups` (`id`, `name`, `description`, `created_at`, `updated_at`) VALUES (29, 'veritatis', 'Nihil et magni eum porro neque. Ullam quia ullam ut modi quisquam. Quo mollitia accusamus mollitia itaque. Ut ut aspernatur et culpa. Quia officiis deleniti eaque quia rerum.', '2001-06-17 16:23:29', '2002-03-14 22:30:12');
INSERT INTO `study_groups` (`id`, `name`, `description`, `created_at`, `updated_at`) VALUES (30, 'recusandae', 'Aperiam qui modi eum et culpa ratione dolorum error. Id provident et sed vitae et aut sapiente.', '2001-05-26 10:00:49', '2002-04-04 16:57:59');
INSERT INTO `study_groups` (`id`, `name`, `description`, `created_at`, `updated_at`) VALUES (31, 'non', 'Libero suscipit magni sint consectetur qui. Omnis velit quia eos exercitationem nam voluptates. Doloribus pariatur totam earum. Consectetur veritatis alias consequatur.', '2001-03-12 06:46:19', '2002-04-17 17:52:18');
INSERT INTO `study_groups` (`id`, `name`, `description`, `created_at`, `updated_at`) VALUES (32, 'saepe', 'Beatae est et labore nemo error possimus hic. Quas totam ut et explicabo qui necessitatibus. Quis molestiae illo dolor id qui ut cupiditate. Soluta sit rerum hic.', '2001-06-05 15:51:08', '2002-04-16 11:08:12');
INSERT INTO `study_groups` (`id`, `name`, `description`, `created_at`, `updated_at`) VALUES (33, 'atque', 'Maiores nulla impedit beatae assumenda neque non. Fugit alias necessitatibus culpa eos cumque.', '2001-07-30 15:13:54', '2002-06-27 08:12:52');
INSERT INTO `study_groups` (`id`, `name`, `description`, `created_at`, `updated_at`) VALUES (34, 'numquam', 'Beatae sequi molestiae odio voluptas cumque ut libero. Eos quo omnis quibusdam in sint error voluptatem. Quo aut a esse unde a necessitatibus unde.', '2001-08-01 06:24:26', '2002-02-23 15:13:05');
INSERT INTO `study_groups` (`id`, `name`, `description`, `created_at`, `updated_at`) VALUES (35, 'eius', 'Cupiditate harum sit et vitae voluptate nobis ut. Voluptas hic ut velit ut atque ratione.', '2001-01-02 06:55:59', '2002-02-19 04:50:52');
INSERT INTO `study_groups` (`id`, `name`, `description`, `created_at`, `updated_at`) VALUES (36, 'aliquid', 'Eaque quo perspiciatis quas unde. Perspiciatis a soluta quae quo quia ullam.', '2001-02-01 04:07:25', '2002-02-23 11:41:43');
INSERT INTO `study_groups` (`id`, `name`, `description`, `created_at`, `updated_at`) VALUES (37, 'nostrum', 'Et pariatur voluptas officiis repellat incidunt rerum enim. Qui neque rerum consequatur non est. Sed qui quam perferendis omnis.', '2001-03-27 06:29:44', '2002-04-25 07:47:34');
INSERT INTO `study_groups` (`id`, `name`, `description`, `created_at`, `updated_at`) VALUES (38, 'sint', 'Blanditiis qui labore aut qui qui consequatur quod. Modi autem possimus aut sunt animi nobis et. Et fugiat recusandae neque voluptas velit et qui.', '2001-09-20 13:10:26', '2002-02-22 04:03:05');
INSERT INTO `study_groups` (`id`, `name`, `description`, `created_at`, `updated_at`) VALUES (39, 'quo', 'Atque voluptatem occaecati rerum est consequatur. Aliquid molestiae exercitationem vero distinctio facere aut inventore. Qui suscipit ut aut accusantium voluptate assumenda beatae iure. Accusantium quod molestiae voluptas cupiditate. Vel in itaque magnam vero ab.', '2001-05-12 17:25:38', '2002-05-16 22:31:46');
INSERT INTO `study_groups` (`id`, `name`, `description`, `created_at`, `updated_at`) VALUES (40, 'eos', 'Unde praesentium odio harum enim et. Incidunt possimus enim itaque dolores. Ut amet et doloribus.', '2001-11-17 14:47:41', '2002-07-14 21:25:01');
INSERT INTO `study_groups` (`id`, `name`, `description`, `created_at`, `updated_at`) VALUES (41, 'occaecati', 'Dolorem provident aut veniam itaque labore. In error nulla ea. Nesciunt et modi ullam ut sed at voluptates repellendus.', '2001-08-11 20:42:24', '2002-01-04 11:18:24');
INSERT INTO `study_groups` (`id`, `name`, `description`, `created_at`, `updated_at`) VALUES (42, 'dolor', 'Ut facere fugit vel atque eius voluptatem debitis. Error dolor consequatur tempora placeat et neque. Incidunt perferendis est ut quod. Veniam quia saepe iure perferendis voluptatum dolor ullam asperiores. Nihil et vel et et.', '2001-10-27 05:21:53', '2002-05-20 07:09:20');
INSERT INTO `study_groups` (`id`, `name`, `description`, `created_at`, `updated_at`) VALUES (43, 'ullam', 'Ducimus et voluptatibus sed harum enim aperiam numquam. Alias molestiae consequatur nulla et qui odit voluptatem fugit. Autem vel eum praesentium error nemo enim. Occaecati velit enim iure.', '2001-01-07 00:32:22', '2002-04-05 01:26:29');
INSERT INTO `study_groups` (`id`, `name`, `description`, `created_at`, `updated_at`) VALUES (44, 'optio', 'Explicabo occaecati labore et quidem quae. Velit voluptatum eos dolorem. Quia aspernatur vero quo enim.', '2001-01-12 09:45:09', '2002-01-28 17:05:13');
INSERT INTO `study_groups` (`id`, `name`, `description`, `created_at`, `updated_at`) VALUES (45, 'expedita', 'Consequatur ipsam est nam aut quae. Rerum libero blanditiis et molestias. Consequatur quia temporibus et sunt. Sunt ea non itaque voluptatem nulla.', '2001-07-04 04:41:43', '2002-03-22 16:10:44');
INSERT INTO `study_groups` (`id`, `name`, `description`, `created_at`, `updated_at`) VALUES (46, 'ab', 'Consectetur dolorum occaecati ullam possimus fugiat. Maxime praesentium voluptatum accusamus quia. Eum quis mollitia sed explicabo facilis. Dolores dolores ex veniam iure.', '2001-03-01 21:40:53', '2002-01-18 09:50:01');
INSERT INTO `study_groups` (`id`, `name`, `description`, `created_at`, `updated_at`) VALUES (47, 'eum', 'Non magnam quasi pariatur qui dicta optio. Ad sit in nihil error dignissimos dignissimos excepturi. Vel debitis consequatur unde labore molestiae alias.', '2001-09-05 08:59:43', '2002-10-16 00:23:22');
INSERT INTO `study_groups` (`id`, `name`, `description`, `created_at`, `updated_at`) VALUES (48, 'sit', 'Et aut explicabo enim dolor est soluta facere consequatur. Et et cumque totam velit qui rerum. Facilis quam accusantium velit deleniti sapiente molestiae reiciendis. Rerum excepturi rem voluptatem est ex.', '2001-07-23 03:57:07', '2002-11-07 11:35:24');
INSERT INTO `study_groups` (`id`, `name`, `description`, `created_at`, `updated_at`) VALUES (49, 'itaque', 'Voluptatem repellat quo nobis explicabo id dolorem. Qui iusto non quia ad dolores. Eveniet sit velit et.', '2001-07-06 00:11:43', '2002-02-06 13:13:37');
INSERT INTO `study_groups` (`id`, `name`, `description`, `created_at`, `updated_at`) VALUES (50, 'quos', 'Sed qui ipsum voluptatem unde exercitationem debitis. Quisquam enim voluptas ut sit nihil. Aut facilis nam aut culpa eum corrupti consectetur. Hic sed sed molestiae ea.', '2001-07-14 02:15:07', '2002-03-13 21:51:39');
INSERT INTO `study_groups` (`id`, `name`, `description`, `created_at`, `updated_at`) VALUES (51, 'mollitia', 'Aperiam aperiam et nemo delectus dolores tempora. Expedita ab perferendis aut qui magnam amet. Aut autem facere velit est. Cumque cumque explicabo similique.', '2001-04-02 06:36:34', '2002-12-02 01:11:48');
INSERT INTO `study_groups` (`id`, `name`, `description`, `created_at`, `updated_at`) VALUES (52, 'facilis', 'Culpa sed atque dicta est quos officia. Similique libero quia mollitia itaque natus omnis mollitia.', '2001-09-02 04:23:49', '2002-10-31 03:23:43');
INSERT INTO `study_groups` (`id`, `name`, `description`, `created_at`, `updated_at`) VALUES (53, 'dolorum', 'Facilis impedit amet consequatur. Cum molestiae quasi sit non sit iusto eos.', '2001-12-07 15:46:43', '2002-09-11 09:52:46');
INSERT INTO `study_groups` (`id`, `name`, `description`, `created_at`, `updated_at`) VALUES (54, 'quas', 'Neque molestiae et soluta ipsum id aperiam saepe. In eius exercitationem omnis ut expedita sunt accusamus facilis. Suscipit quia placeat vel sint rerum.', '2001-02-28 23:14:20', '2002-05-23 23:40:48');
INSERT INTO `study_groups` (`id`, `name`, `description`, `created_at`, `updated_at`) VALUES (55, 'cupiditate', 'Porro a maiores impedit. Sed qui porro corrupti animi ea non. Distinctio aut et voluptatem repellendus expedita. Facere aliquam amet sequi ut hic optio.', '2001-09-03 01:56:58', '2002-03-11 04:05:41');
INSERT INTO `study_groups` (`id`, `name`, `description`, `created_at`, `updated_at`) VALUES (56, 'minima', 'Reprehenderit dolores quasi culpa aut et repudiandae consequuntur sunt. Quos repellendus est et. Praesentium omnis quia quas in non aut ea.', '2001-04-15 19:03:50', '2002-06-03 13:47:19');
INSERT INTO `study_groups` (`id`, `name`, `description`, `created_at`, `updated_at`) VALUES (57, 'voluptas', 'Molestias minus amet fugiat reprehenderit omnis sed non. Quia voluptate architecto quis quaerat deserunt natus illo. Quaerat nam est veniam sint cumque. Asperiores voluptatem aut corporis omnis veniam commodi.', '2001-01-06 11:33:26', '2002-04-23 23:07:50');
INSERT INTO `study_groups` (`id`, `name`, `description`, `created_at`, `updated_at`) VALUES (58, 'excepturi', 'Error repudiandae dignissimos sequi fuga ratione architecto. Delectus consequatur repellendus aspernatur aut molestiae architecto aut. Rerum assumenda rem consequuntur non sint optio suscipit.', '2001-08-09 03:51:00', '2002-05-20 04:59:18');
INSERT INTO `study_groups` (`id`, `name`, `description`, `created_at`, `updated_at`) VALUES (59, 'quisquam', 'Consequatur saepe aperiam in quod officiis id. Qui officia ullam quis nostrum facere veritatis. Qui harum natus debitis maiores fugit. Id molestias doloribus possimus qui consectetur.', '2001-10-30 02:20:04', '2002-02-14 20:31:36');
INSERT INTO `study_groups` (`id`, `name`, `description`, `created_at`, `updated_at`) VALUES (60, 'autem', 'Quod iusto sed ut. Harum iusto recusandae quia voluptatem. Minus amet qui non necessitatibus ea rerum et est.', '2001-06-03 23:16:38', '2002-01-15 01:02:17');
INSERT INTO `study_groups` (`id`, `name`, `description`, `created_at`, `updated_at`) VALUES (61, 'aut', 'Ea architecto iste aut illo. Vitae eos non ut rerum sunt suscipit dolorum sed. Et aliquid nesciunt dolor voluptatum. Voluptas unde fugit commodi et in iste officia qui.', '2001-03-08 15:49:58', '2002-06-15 02:59:11');
INSERT INTO `study_groups` (`id`, `name`, `description`, `created_at`, `updated_at`) VALUES (62, 'vel', 'Nam dolore voluptatibus dolores tenetur voluptatem asperiores. Nulla illo quasi non error tempore blanditiis officiis. Ut quia autem quo eveniet facilis quia quod. Iusto nisi numquam voluptatem magnam quo quo aut.', '2001-12-28 18:32:11', '2002-04-18 02:05:20');
INSERT INTO `study_groups` (`id`, `name`, `description`, `created_at`, `updated_at`) VALUES (63, 'esse', 'Sit non aut adipisci qui. Unde nihil repudiandae sint. Ea quod quidem magni aut et id necessitatibus cupiditate. Minus voluptatem vero non tempora ipsa maxime labore.', '2001-12-20 08:18:47', '2002-04-21 20:38:56');
INSERT INTO `study_groups` (`id`, `name`, `description`, `created_at`, `updated_at`) VALUES (64, 'natus', 'Itaque cupiditate odio sint eaque est quis velit. Rem ut est beatae harum nobis ea dolores. Minima ut dolores sed quod.', '2001-04-09 00:33:12', '2002-01-28 05:59:45');
INSERT INTO `study_groups` (`id`, `name`, `description`, `created_at`, `updated_at`) VALUES (65, 'aperiam', 'Dolore minima dolore ea in omnis ipsa. Impedit nihil nisi neque nemo iusto voluptas. Mollitia consectetur distinctio tenetur aut porro nam et.', '2001-06-07 10:44:49', '2002-09-21 13:21:40');
INSERT INTO `study_groups` (`id`, `name`, `description`, `created_at`, `updated_at`) VALUES (66, 'perspiciatis', 'Laborum sed doloribus eveniet illo et. Libero sapiente molestiae suscipit necessitatibus. Animi expedita quibusdam nam veniam quod eveniet enim.', '2001-04-18 09:19:04', '2002-01-08 02:48:28');
INSERT INTO `study_groups` (`id`, `name`, `description`, `created_at`, `updated_at`) VALUES (67, 'placeat', 'Voluptatem omnis sed rerum illo molestias. Et perferendis quaerat sunt earum. Recusandae est quidem odio totam nostrum sit expedita.', '2001-01-10 16:16:00', '2002-01-10 08:33:37');
INSERT INTO `study_groups` (`id`, `name`, `description`, `created_at`, `updated_at`) VALUES (68, 'quis', 'Quia ut placeat et eos sint delectus omnis. Omnis velit cum aut fugit. Natus voluptas voluptatem quia voluptatibus consequuntur modi ea. Qui aut officia sint sed. Amet impedit excepturi corporis soluta.', '2001-03-22 23:50:22', '2002-01-07 22:31:50');
INSERT INTO `study_groups` (`id`, `name`, `description`, `created_at`, `updated_at`) VALUES (69, 'nihil', 'Laboriosam dolorem inventore deleniti quia. Ullam et quisquam veniam nisi. In illo quia veniam.', '2001-01-08 14:54:47', '2002-11-30 22:50:11');
INSERT INTO `study_groups` (`id`, `name`, `description`, `created_at`, `updated_at`) VALUES (70, 'cum', 'Sint et aspernatur quasi tenetur et. Minima consequatur aut laudantium iste. Asperiores et odio illum culpa quis aut.', '2001-04-12 18:06:50', '2002-01-06 10:32:03');
INSERT INTO `study_groups` (`id`, `name`, `description`, `created_at`, `updated_at`) VALUES (71, 'quod', 'Optio ipsa nisi molestiae est temporibus perspiciatis. Corporis quia reiciendis harum quae perspiciatis. Rerum quo excepturi sed deleniti error. Nulla suscipit voluptas animi et dolores.', '2001-11-20 04:07:29', '2002-06-02 04:09:51');
INSERT INTO `study_groups` (`id`, `name`, `description`, `created_at`, `updated_at`) VALUES (72, 'maxime', 'Explicabo porro non odio repellendus vero vero illum qui. Rerum quia explicabo voluptas eaque tempore porro. Ut est facere aut et temporibus modi itaque consectetur.', '2001-02-07 15:01:50', '2002-11-19 11:12:52');
INSERT INTO `study_groups` (`id`, `name`, `description`, `created_at`, `updated_at`) VALUES (73, 'officia', 'Molestiae laborum alias provident earum. Ut consectetur est corrupti harum. Eligendi aliquid quasi veniam et voluptatem.', '2001-07-11 16:11:56', '2002-06-23 12:12:19');
INSERT INTO `study_groups` (`id`, `name`, `description`, `created_at`, `updated_at`) VALUES (74, 'praesentium', 'Eligendi qui mollitia et saepe. Repellendus delectus qui officia totam aliquam. Numquam asperiores sapiente ut alias quam. Porro asperiores doloremque unde eveniet voluptatem ipsam laborum.', '2001-11-22 18:01:03', '2002-09-06 10:58:30');
INSERT INTO `study_groups` (`id`, `name`, `description`, `created_at`, `updated_at`) VALUES (75, 'repudiandae', 'Ipsam ipsam aut in porro. Rerum enim qui non est ut quibusdam. Aut ut accusamus expedita non molestiae excepturi at quia.', '2001-10-17 07:26:20', '2002-04-13 18:17:14');
INSERT INTO `study_groups` (`id`, `name`, `description`, `created_at`, `updated_at`) VALUES (76, 'impedit', 'Rerum eum quia eum quas hic ad. Aut rerum ullam vel ut at pariatur. Omnis unde dolores provident suscipit veniam. Impedit quas eum ut ut voluptatem facilis.', '2001-03-03 01:29:06', '2002-12-01 02:28:53');
INSERT INTO `study_groups` (`id`, `name`, `description`, `created_at`, `updated_at`) VALUES (77, 'molestias', 'Totam sit dolor omnis soluta animi cupiditate facilis. Molestiae dolores dolor est nulla quia numquam. Dolore dolorem vel quia id dolores reiciendis debitis commodi. Aperiam ut rerum enim quibusdam voluptatibus doloribus. Aut aut quis praesentium expedita tempora.', '2001-05-16 04:44:52', '2002-06-27 00:06:37');
INSERT INTO `study_groups` (`id`, `name`, `description`, `created_at`, `updated_at`) VALUES (78, 'libero', 'Aliquid aut magnam ab aliquid. Quae cum ad molestiae rem. Consequatur qui omnis impedit ipsam. Delectus quibusdam blanditiis praesentium corrupti aspernatur rerum.', '2001-02-05 07:35:10', '2002-08-03 16:25:14');
INSERT INTO `study_groups` (`id`, `name`, `description`, `created_at`, `updated_at`) VALUES (79, 'ad', 'Voluptates corrupti incidunt molestiae voluptatem qui esse quisquam. Ex consectetur quaerat laboriosam at vel. Vel vel quis tempore provident natus enim consequuntur.', '2001-04-16 11:22:34', '2002-12-10 01:31:19');
INSERT INTO `study_groups` (`id`, `name`, `description`, `created_at`, `updated_at`) VALUES (80, 'enim', 'Ab perferendis qui magnam autem molestiae deleniti. A aliquid sunt sed. Possimus et quisquam voluptatem sint dolor perferendis.', '2001-02-12 14:02:15', '2002-04-28 06:11:01');
INSERT INTO `study_groups` (`id`, `name`, `description`, `created_at`, `updated_at`) VALUES (81, 'suscipit', 'Officiis voluptatum accusamus doloribus placeat officiis possimus reprehenderit quia. Corporis ut quidem totam et et. Laboriosam eius ab facilis aut explicabo quisquam quod. Consequatur natus sint blanditiis sapiente dolorem at quasi.', '2001-01-24 17:45:13', '2002-09-24 19:25:32');
INSERT INTO `study_groups` (`id`, `name`, `description`, `created_at`, `updated_at`) VALUES (82, 'corrupti', 'Suscipit mollitia et sit qui totam ut. Explicabo placeat laboriosam dignissimos ut quibusdam id. Quia doloremque rem quisquam non sed aspernatur qui. Vitae fuga in distinctio ut.', '2001-11-23 23:02:39', '2002-10-18 05:34:54');
INSERT INTO `study_groups` (`id`, `name`, `description`, `created_at`, `updated_at`) VALUES (83, 'velit', 'Itaque eos aliquid veritatis. Et ducimus voluptatem iure inventore qui. Ea adipisci enim autem excepturi. Ab ea quaerat sunt facere.', '2001-08-30 08:04:33', '2002-07-03 01:41:37');
INSERT INTO `study_groups` (`id`, `name`, `description`, `created_at`, `updated_at`) VALUES (84, 'delectus', 'Voluptas aliquam est vel dolorem assumenda aut aperiam. Eum quo sed qui voluptatem sit eos. Ut quis vel amet qui minus. Reprehenderit necessitatibus id numquam provident adipisci nihil.', '2001-10-27 15:43:01', '2002-08-18 07:22:03');
INSERT INTO `study_groups` (`id`, `name`, `description`, `created_at`, `updated_at`) VALUES (85, 'voluptates', 'Sed delectus voluptatem omnis sed facilis ut optio. Perspiciatis omnis quo impedit soluta autem. Consectetur reiciendis quae dolore voluptatem dolore odit sit.', '2001-12-13 10:43:07', '2002-12-02 08:28:16');
INSERT INTO `study_groups` (`id`, `name`, `description`, `created_at`, `updated_at`) VALUES (86, 'ea', 'Nam voluptate est iure doloremque eveniet porro sint. Quis voluptatem molestiae rerum qui. Et ut et quisquam omnis voluptatem eligendi. Qui et illum aut eligendi omnis.', '2001-07-12 15:25:13', '2002-08-01 01:24:46');
INSERT INTO `study_groups` (`id`, `name`, `description`, `created_at`, `updated_at`) VALUES (87, 'reiciendis', 'Aut ut reprehenderit aut delectus. Et nihil laborum et iste. Et consequatur et pariatur qui deserunt deleniti. Est aut exercitationem exercitationem rerum quia.', '2001-08-27 15:57:33', '2002-01-21 13:16:13');
INSERT INTO `study_groups` (`id`, `name`, `description`, `created_at`, `updated_at`) VALUES (88, 'omnis', 'Qui architecto ex facere occaecati tempore voluptas error minus. Fuga eius quaerat deserunt earum. Architecto mollitia asperiores eos eius illum.', '2001-12-11 21:50:47', '2002-08-10 23:20:49');
INSERT INTO `study_groups` (`id`, `name`, `description`, `created_at`, `updated_at`) VALUES (89, 'harum', 'Nesciunt dolores ut eius facere laudantium nostrum. Perspiciatis aut totam ut ut. Voluptas cum placeat assumenda veniam. Et consequatur voluptatem numquam tempora voluptatum. Dolorem sunt enim sunt et quasi cupiditate voluptatem.', '2001-09-29 00:18:05', '2002-02-15 00:49:06');
INSERT INTO `study_groups` (`id`, `name`, `description`, `created_at`, `updated_at`) VALUES (90, 'aspernatur', 'Ullam dignissimos voluptatibus laborum aliquid voluptate omnis. Ullam facilis id cupiditate reprehenderit. Quo id exercitationem commodi officiis reiciendis. Quis aliquam asperiores ut quos in.', '2001-01-04 20:39:19', '2002-05-11 20:25:14');
INSERT INTO `study_groups` (`id`, `name`, `description`, `created_at`, `updated_at`) VALUES (91, 'illum', 'Impedit dolorem necessitatibus possimus et. Tenetur dolores nihil expedita quis. Neque alias libero fuga aut cupiditate fugit. Officiis reiciendis in saepe ullam ipsa.', '2001-07-22 00:13:09', '2002-03-09 12:47:23');
INSERT INTO `study_groups` (`id`, `name`, `description`, `created_at`, `updated_at`) VALUES (92, 'necessitatibus', 'Distinctio saepe numquam magni rem aliquam quibusdam rerum. Repudiandae eligendi aut rerum tenetur ut hic. Impedit et vitae vero quo.', '2001-07-29 18:05:11', '2002-01-06 05:44:44');
INSERT INTO `study_groups` (`id`, `name`, `description`, `created_at`, `updated_at`) VALUES (93, 'fugit', 'Qui dolorem vel qui dignissimos quaerat. Non est asperiores laudantium. Dolor neque quasi deleniti doloribus. Aspernatur accusamus recusandae accusantium laboriosam laudantium.', '2001-10-01 14:12:40', '2002-02-12 13:37:24');
INSERT INTO `study_groups` (`id`, `name`, `description`, `created_at`, `updated_at`) VALUES (94, 'debitis', 'Consequatur cumque libero et culpa. Occaecati distinctio molestias soluta culpa necessitatibus dolorem optio. Laudantium voluptatem veritatis velit et tenetur. Fugit rerum consequuntur aut et.', '2001-02-26 17:05:19', '2002-02-22 02:31:03');
INSERT INTO `study_groups` (`id`, `name`, `description`, `created_at`, `updated_at`) VALUES (95, 'sed', 'Officia eos praesentium itaque perspiciatis. Ab nisi reiciendis esse qui ipsum. Consequatur odit sapiente ut et ratione occaecati sed.', '2001-01-19 00:41:27', '2002-09-13 17:57:50');
INSERT INTO `study_groups` (`id`, `name`, `description`, `created_at`, `updated_at`) VALUES (96, 'aliquam', 'Provident ducimus accusantium ullam aliquam qui ipsam repellendus placeat. Officiis officiis consequatur animi voluptatibus officia eos voluptas. Et repudiandae dolorum ea error aut nostrum cumque.', '2001-04-20 14:04:29', '2002-11-02 10:40:41');
INSERT INTO `study_groups` (`id`, `name`, `description`, `created_at`, `updated_at`) VALUES (97, 'architecto', 'Quaerat dolores suscipit et. Ut minima odio ea et non omnis omnis.', '2001-08-17 07:23:18', '2002-09-12 05:04:07');
INSERT INTO `study_groups` (`id`, `name`, `description`, `created_at`, `updated_at`) VALUES (98, 'illo', 'Cum excepturi quam accusamus voluptatum sit earum rerum. Maxime sed sint dolorem dolorem dicta. Blanditiis ipsa consequatur molestiae et est illum aperiam maiores. Occaecati quod quas repudiandae consequuntur.', '2001-01-10 18:12:18', '2002-10-07 04:32:49');
INSERT INTO `study_groups` (`id`, `name`, `description`, `created_at`, `updated_at`) VALUES (99, 'doloremque', 'Dolore nisi est odio omnis cumque. Nobis quisquam laborum exercitationem odio optio. A consequatur nihil voluptas voluptas ea quasi et.', '2001-10-08 04:45:40', '2002-02-08 22:46:55');
INSERT INTO `study_groups` (`id`, `name`, `description`, `created_at`, `updated_at`) VALUES (100, 'porro', 'Aut impedit rerum fugit voluptatum blanditiis quaerat vitae. Consequuntur eos quibusdam sequi minus voluptas temporibus aperiam ut. Sit mollitia quisquam quasi dolor. Hic perferendis dolor quaerat consectetur iure rerum ex.', '2001-02-01 05:25:59', '2002-11-11 20:33:55');


#
# TABLE STRUCTURE FOR: types_courses
#

DROP TABLE IF EXISTS `types_courses`;

CREATE TABLE `types_courses` (
  `id` int(10) unsigned NOT NULL AUTO_INCREMENT COMMENT 'Идентификатор строки',
  `name` varchar(100) COLLATE utf8_unicode_ci NOT NULL COMMENT 'Название типа курса',
  `created_at` datetime DEFAULT current_timestamp() COMMENT 'Время создания строки',
  `updated_at` datetime DEFAULT current_timestamp() ON UPDATE current_timestamp() COMMENT 'Время обновления строки',
  PRIMARY KEY (`id`)
) ENGINE=InnoDB AUTO_INCREMENT=21 DEFAULT CHARSET=utf8 COLLATE=utf8_unicode_ci COMMENT='Тип курсов';

INSERT INTO `types_courses` (`id`, `name`, `created_at`, `updated_at`) VALUES (1, 'numquam', '2000-11-06 23:15:41', '2001-09-25 07:14:33');
INSERT INTO `types_courses` (`id`, `name`, `created_at`, `updated_at`) VALUES (2, 'esse', '2000-01-25 01:23:02', '2001-11-11 09:22:33');
INSERT INTO `types_courses` (`id`, `name`, `created_at`, `updated_at`) VALUES (3, 'ut', '2000-05-04 12:53:44', '2001-09-20 03:18:31');
INSERT INTO `types_courses` (`id`, `name`, `created_at`, `updated_at`) VALUES (4, 'hic', '2000-08-17 16:03:15', '2001-08-29 08:20:39');
INSERT INTO `types_courses` (`id`, `name`, `created_at`, `updated_at`) VALUES (5, 'ipsa', '2000-05-14 18:44:44', '2001-08-19 21:05:28');
INSERT INTO `types_courses` (`id`, `name`, `created_at`, `updated_at`) VALUES (6, 'voluptatem', '2000-10-12 20:51:49', '2001-11-18 12:19:30');
INSERT INTO `types_courses` (`id`, `name`, `created_at`, `updated_at`) VALUES (7, 'aspernatur', '2000-03-17 02:02:56', '2001-02-24 16:37:55');
INSERT INTO `types_courses` (`id`, `name`, `created_at`, `updated_at`) VALUES (8, 'id', '2000-05-07 14:31:06', '2001-06-24 09:15:19');
INSERT INTO `types_courses` (`id`, `name`, `created_at`, `updated_at`) VALUES (9, 'quasi', '2000-08-21 04:49:34', '2001-11-18 18:28:20');
INSERT INTO `types_courses` (`id`, `name`, `created_at`, `updated_at`) VALUES (10, 'est', '2000-05-20 13:03:34', '2001-06-02 06:42:37');
INSERT INTO `types_courses` (`id`, `name`, `created_at`, `updated_at`) VALUES (11, 'vel', '2000-05-26 02:19:24', '2001-05-06 06:25:57');
INSERT INTO `types_courses` (`id`, `name`, `created_at`, `updated_at`) VALUES (12, 'perspiciatis', '2000-09-18 21:22:56', '2001-07-21 23:18:22');
INSERT INTO `types_courses` (`id`, `name`, `created_at`, `updated_at`) VALUES (13, 'aut', '2000-01-11 09:16:05', '2001-03-24 16:58:51');
INSERT INTO `types_courses` (`id`, `name`, `created_at`, `updated_at`) VALUES (14, 'magni', '2000-12-02 06:31:18', '2001-02-22 03:28:19');
INSERT INTO `types_courses` (`id`, `name`, `created_at`, `updated_at`) VALUES (15, 'qui', '2000-06-10 09:53:59', '2001-12-19 17:40:03');
INSERT INTO `types_courses` (`id`, `name`, `created_at`, `updated_at`) VALUES (16, 'ea', '2000-04-07 10:50:53', '2001-11-09 11:08:06');
INSERT INTO `types_courses` (`id`, `name`, `created_at`, `updated_at`) VALUES (17, 'cum', '2000-10-12 07:47:06', '2001-06-27 17:32:22');
INSERT INTO `types_courses` (`id`, `name`, `created_at`, `updated_at`) VALUES (18, 'illo', '2000-12-16 20:22:47', '2001-12-12 14:12:24');
INSERT INTO `types_courses` (`id`, `name`, `created_at`, `updated_at`) VALUES (19, 'necessitatibus', '2000-05-10 14:20:41', '2001-03-06 18:40:03');
INSERT INTO `types_courses` (`id`, `name`, `created_at`, `updated_at`) VALUES (20, 'eaque', '2000-04-26 14:44:34', '2001-03-03 01:01:21');


#
# TABLE STRUCTURE FOR: users
#

DROP TABLE IF EXISTS `users`;

CREATE TABLE `users` (
  `id` int(10) unsigned NOT NULL AUTO_INCREMENT COMMENT 'Идентификатор строки',
  `first_name` varchar(100) COLLATE utf8_unicode_ci NOT NULL COMMENT 'Имя пользователя',
  `last_name` varchar(100) COLLATE utf8_unicode_ci NOT NULL COMMENT 'Фамилия пользователя',
  `email` varchar(100) COLLATE utf8_unicode_ci NOT NULL COMMENT 'Почта',
  `phone` varchar(100) COLLATE utf8_unicode_ci NOT NULL COMMENT 'Телефон',
  `role_id` int(10) unsigned NOT NULL COMMENT 'Cсылка на роль пользвателя',
  `created_at` datetime DEFAULT current_timestamp() COMMENT 'Время создания строки',
  `updated_at` datetime DEFAULT current_timestamp() ON UPDATE current_timestamp() COMMENT 'Время обновления строки',
  PRIMARY KEY (`id`),
  UNIQUE KEY `email` (`email`),
  UNIQUE KEY `phone` (`phone`)
) ENGINE=InnoDB AUTO_INCREMENT=101 DEFAULT CHARSET=utf8 COLLATE=utf8_unicode_ci COMMENT='Пользователи';

INSERT INTO `users` (`id`, `first_name`, `last_name`, `email`, `phone`, `role_id`, `created_at`, `updated_at`) VALUES (1, 'Carolyn', 'Mueller', 'hane.rodolfo@example.com', '636.567.9273x5351', 1, '2000-05-24 17:30:49', '2003-10-20 07:59:49');
INSERT INTO `users` (`id`, `first_name`, `last_name`, `email`, `phone`, `role_id`, `created_at`, `updated_at`) VALUES (2, 'Peyton', 'O\'Hara', 'rosanna67@example.com', '061-202-5852', 2, '2000-05-27 16:44:09', '2003-03-30 10:53:16');
INSERT INTO `users` (`id`, `first_name`, `last_name`, `email`, `phone`, `role_id`, `created_at`, `updated_at`) VALUES (3, 'Gregoria', 'Wiegand', 'bernadette20@example.net', '04708055068', 3, '2000-03-07 21:42:50', '2003-04-20 19:28:52');
INSERT INTO `users` (`id`, `first_name`, `last_name`, `email`, `phone`, `role_id`, `created_at`, `updated_at`) VALUES (4, 'Graham', 'Kub', 'abbott.donato@example.org', '08380328066', 4, '2000-06-16 03:40:05', '2003-07-18 07:56:39');
INSERT INTO `users` (`id`, `first_name`, `last_name`, `email`, `phone`, `role_id`, `created_at`, `updated_at`) VALUES (5, 'Beth', 'Waelchi', 'ncartwright@example.com', '1-610-851-5476x9951', 5, '2000-11-16 07:51:03', '2003-09-27 18:03:45');
INSERT INTO `users` (`id`, `first_name`, `last_name`, `email`, `phone`, `role_id`, `created_at`, `updated_at`) VALUES (6, 'Effie', 'Skiles', 'devante90@example.com', '428-028-9320', 6, '2000-03-10 08:55:14', '2003-09-14 23:52:46');
INSERT INTO `users` (`id`, `first_name`, `last_name`, `email`, `phone`, `role_id`, `created_at`, `updated_at`) VALUES (7, 'Helen', 'Pollich', 'daniella.dickinson@example.net', '895-831-9101x8082', 7, '2000-10-28 00:50:16', '2003-10-03 01:32:32');
INSERT INTO `users` (`id`, `first_name`, `last_name`, `email`, `phone`, `role_id`, `created_at`, `updated_at`) VALUES (8, 'Mariela', 'Leannon', 'friesen.everette@example.org', '(956)331-4394x616', 8, '2000-04-22 19:50:25', '2003-08-18 15:52:03');
INSERT INTO `users` (`id`, `first_name`, `last_name`, `email`, `phone`, `role_id`, `created_at`, `updated_at`) VALUES (9, 'Bailey', 'Paucek', 'mhettinger@example.org', '1-042-854-2371', 9, '2000-05-24 11:30:04', '2003-01-02 13:57:32');
INSERT INTO `users` (`id`, `first_name`, `last_name`, `email`, `phone`, `role_id`, `created_at`, `updated_at`) VALUES (10, 'Alfred', 'Abernathy', 'marquardt.rodrigo@example.net', '(513)883-6674x5397', 10, '2000-03-08 17:30:50', '2003-05-09 09:55:41');
INSERT INTO `users` (`id`, `first_name`, `last_name`, `email`, `phone`, `role_id`, `created_at`, `updated_at`) VALUES (11, 'Ima', 'Heaney', 'nicola.stamm@example.net', '(673)186-4444x24470', 1, '2000-11-25 10:39:45', '2003-09-20 08:58:21');
INSERT INTO `users` (`id`, `first_name`, `last_name`, `email`, `phone`, `role_id`, `created_at`, `updated_at`) VALUES (12, 'Jedediah', 'Jones', 'vmitchell@example.com', '635-266-4477', 2, '2000-12-08 08:41:44', '2003-04-20 22:43:16');
INSERT INTO `users` (`id`, `first_name`, `last_name`, `email`, `phone`, `role_id`, `created_at`, `updated_at`) VALUES (13, 'Emmy', 'Sipes', 'bart.greenholt@example.org', '061.180.4522', 3, '2000-04-01 15:47:45', '2003-04-18 08:23:04');
INSERT INTO `users` (`id`, `first_name`, `last_name`, `email`, `phone`, `role_id`, `created_at`, `updated_at`) VALUES (14, 'Cary', 'Medhurst', 'lilian92@example.net', '(307)052-6434x719', 4, '2000-04-10 11:42:17', '2003-06-08 00:31:23');
INSERT INTO `users` (`id`, `first_name`, `last_name`, `email`, `phone`, `role_id`, `created_at`, `updated_at`) VALUES (15, 'Martina', 'Kozey', 'o\'hara.casper@example.org', '+30(0)0233381121', 5, '2000-11-29 10:37:26', '2003-10-24 15:45:17');
INSERT INTO `users` (`id`, `first_name`, `last_name`, `email`, `phone`, `role_id`, `created_at`, `updated_at`) VALUES (16, 'Kole', 'Schuppe', 'brown.ora@example.org', '(510)390-9352x15618', 6, '2000-05-11 15:05:18', '2003-06-26 06:28:12');
INSERT INTO `users` (`id`, `first_name`, `last_name`, `email`, `phone`, `role_id`, `created_at`, `updated_at`) VALUES (17, 'Lucio', 'Huel', 'carolina.kemmer@example.net', '1-855-847-8370x4147', 7, '2000-01-04 09:31:34', '2003-11-17 12:33:08');
INSERT INTO `users` (`id`, `first_name`, `last_name`, `email`, `phone`, `role_id`, `created_at`, `updated_at`) VALUES (18, 'Justyn', 'Johnson', 'erika.hilpert@example.com', '790.454.1749x1163', 8, '2000-09-20 16:28:40', '2003-03-10 02:17:29');
INSERT INTO `users` (`id`, `first_name`, `last_name`, `email`, `phone`, `role_id`, `created_at`, `updated_at`) VALUES (19, 'Chandler', 'Kiehn', 'ankunding.hannah@example.org', '(692)933-0656x673', 9, '2000-05-31 22:38:50', '2003-03-28 02:17:31');
INSERT INTO `users` (`id`, `first_name`, `last_name`, `email`, `phone`, `role_id`, `created_at`, `updated_at`) VALUES (20, 'Raphaelle', 'Abernathy', 'imogene85@example.net', '295.074.3246x6158', 10, '2000-11-25 11:44:31', '2003-09-10 23:22:37');
INSERT INTO `users` (`id`, `first_name`, `last_name`, `email`, `phone`, `role_id`, `created_at`, `updated_at`) VALUES (21, 'Jaida', 'Wisozk', 'elsa.nolan@example.com', '(091)542-3684x5083', 1, '2000-04-27 06:23:31', '2003-09-16 09:31:18');
INSERT INTO `users` (`id`, `first_name`, `last_name`, `email`, `phone`, `role_id`, `created_at`, `updated_at`) VALUES (22, 'Marisol', 'Franecki', 'wolf.molly@example.net', '455.953.5423x2302', 2, '2000-04-26 22:32:04', '2003-10-05 07:06:08');
INSERT INTO `users` (`id`, `first_name`, `last_name`, `email`, `phone`, `role_id`, `created_at`, `updated_at`) VALUES (23, 'Wanda', 'Farrell', 'akoelpin@example.com', '022.694.0900', 3, '2000-07-30 03:11:16', '2003-10-12 18:38:52');
INSERT INTO `users` (`id`, `first_name`, `last_name`, `email`, `phone`, `role_id`, `created_at`, `updated_at`) VALUES (24, 'Clay', 'Hagenes', 'ikunde@example.com', '06390552377', 4, '2000-07-07 03:07:59', '2003-10-26 18:06:28');
INSERT INTO `users` (`id`, `first_name`, `last_name`, `email`, `phone`, `role_id`, `created_at`, `updated_at`) VALUES (25, 'Joanie', 'Senger', 'mcdermott.willy@example.com', '023-652-4540', 5, '2000-12-13 13:29:33', '2003-07-27 18:52:40');
INSERT INTO `users` (`id`, `first_name`, `last_name`, `email`, `phone`, `role_id`, `created_at`, `updated_at`) VALUES (26, 'Jonatan', 'Adams', 'alexie.torphy@example.org', '(673)767-3660x757', 6, '2000-12-08 15:44:21', '2003-02-13 04:40:49');
INSERT INTO `users` (`id`, `first_name`, `last_name`, `email`, `phone`, `role_id`, `created_at`, `updated_at`) VALUES (27, 'Cecile', 'Watsica', 'ellen.hayes@example.org', '215-033-4756x838', 7, '2000-02-03 23:16:50', '2003-09-16 06:00:55');
INSERT INTO `users` (`id`, `first_name`, `last_name`, `email`, `phone`, `role_id`, `created_at`, `updated_at`) VALUES (28, 'Hilario', 'Brekke', 'vidal09@example.org', '(502)636-8092x179', 8, '2000-12-11 23:03:02', '2003-04-23 13:15:45');
INSERT INTO `users` (`id`, `first_name`, `last_name`, `email`, `phone`, `role_id`, `created_at`, `updated_at`) VALUES (29, 'Jaylen', 'Fay', 'hyatt.viola@example.org', '077.372.4979', 9, '2000-07-17 14:28:38', '2003-05-14 17:57:56');
INSERT INTO `users` (`id`, `first_name`, `last_name`, `email`, `phone`, `role_id`, `created_at`, `updated_at`) VALUES (30, 'Adele', 'Mosciski', 'fhyatt@example.com', '+65(7)7089551434', 10, '2000-04-19 09:27:04', '2003-11-19 17:30:54');
INSERT INTO `users` (`id`, `first_name`, `last_name`, `email`, `phone`, `role_id`, `created_at`, `updated_at`) VALUES (31, 'Maribel', 'Brekke', 'megane.luettgen@example.com', '1-916-562-6413', 1, '2000-08-05 19:26:26', '2003-04-22 13:43:43');
INSERT INTO `users` (`id`, `first_name`, `last_name`, `email`, `phone`, `role_id`, `created_at`, `updated_at`) VALUES (32, 'Mack', 'Cronin', 'bergstrom.aliza@example.com', '(150)295-6557', 2, '2000-01-20 02:59:59', '2003-01-14 20:38:52');
INSERT INTO `users` (`id`, `first_name`, `last_name`, `email`, `phone`, `role_id`, `created_at`, `updated_at`) VALUES (33, 'Ottilie', 'Cartwright', 'lonny02@example.com', '1-566-996-8948x533', 3, '2000-08-18 08:12:55', '2003-01-11 08:11:38');
INSERT INTO `users` (`id`, `first_name`, `last_name`, `email`, `phone`, `role_id`, `created_at`, `updated_at`) VALUES (34, 'Kelley', 'Hane', 'eunice44@example.com', '319-983-9766', 4, '2000-11-21 19:25:14', '2003-03-08 21:38:20');
INSERT INTO `users` (`id`, `first_name`, `last_name`, `email`, `phone`, `role_id`, `created_at`, `updated_at`) VALUES (35, 'Myrtie', 'Ziemann', 'israel52@example.net', '(273)006-9743x9395', 5, '2000-08-31 03:24:25', '2003-06-14 13:15:50');
INSERT INTO `users` (`id`, `first_name`, `last_name`, `email`, `phone`, `role_id`, `created_at`, `updated_at`) VALUES (36, 'Crystal', 'Kovacek', 'alicia47@example.org', '00647796840', 6, '2000-12-07 20:28:33', '2003-04-19 10:55:11');
INSERT INTO `users` (`id`, `first_name`, `last_name`, `email`, `phone`, `role_id`, `created_at`, `updated_at`) VALUES (37, 'Misty', 'Hayes', 'cierra.nitzsche@example.net', '100-020-6344x993', 7, '2000-02-23 14:18:29', '2003-02-18 19:39:59');
INSERT INTO `users` (`id`, `first_name`, `last_name`, `email`, `phone`, `role_id`, `created_at`, `updated_at`) VALUES (38, 'Alysa', 'Jacobs', 'aniyah15@example.org', '(224)553-1027x15646', 8, '2000-11-15 06:26:11', '2003-02-18 04:11:29');
INSERT INTO `users` (`id`, `first_name`, `last_name`, `email`, `phone`, `role_id`, `created_at`, `updated_at`) VALUES (39, 'Theodore', 'Gutkowski', 'dschmeler@example.net', '150-507-7844x18872', 9, '2000-04-12 14:05:50', '2003-03-19 15:07:21');
INSERT INTO `users` (`id`, `first_name`, `last_name`, `email`, `phone`, `role_id`, `created_at`, `updated_at`) VALUES (40, 'Josue', 'Kshlerin', 'zander.hudson@example.org', '(804)958-9357', 10, '2000-10-05 08:54:21', '2003-03-27 08:47:43');
INSERT INTO `users` (`id`, `first_name`, `last_name`, `email`, `phone`, `role_id`, `created_at`, `updated_at`) VALUES (41, 'Jean', 'Cronin', 'istehr@example.net', '230.468.1329', 1, '2000-10-14 10:23:46', '2003-01-27 16:41:26');
INSERT INTO `users` (`id`, `first_name`, `last_name`, `email`, `phone`, `role_id`, `created_at`, `updated_at`) VALUES (42, 'Hugh', 'Gerlach', 'lizzie16@example.com', '+87(3)7023842964', 2, '2000-08-11 04:06:12', '2003-02-08 02:05:23');
INSERT INTO `users` (`id`, `first_name`, `last_name`, `email`, `phone`, `role_id`, `created_at`, `updated_at`) VALUES (43, 'Josefina', 'Hoppe', 'sreichel@example.org', '058-735-2340x44771', 3, '2000-12-19 12:59:10', '2003-09-07 05:14:58');
INSERT INTO `users` (`id`, `first_name`, `last_name`, `email`, `phone`, `role_id`, `created_at`, `updated_at`) VALUES (44, 'Annalise', 'Batz', 'torphy.tatyana@example.net', '1-435-061-4286', 4, '2000-08-16 04:41:49', '2003-01-02 15:29:34');
INSERT INTO `users` (`id`, `first_name`, `last_name`, `email`, `phone`, `role_id`, `created_at`, `updated_at`) VALUES (45, 'Ayana', 'Stamm', 'mo\'conner@example.net', '08413005261', 5, '2000-04-09 06:47:27', '2003-04-17 04:12:08');
INSERT INTO `users` (`id`, `first_name`, `last_name`, `email`, `phone`, `role_id`, `created_at`, `updated_at`) VALUES (46, 'Kiel', 'Flatley', 'elbert66@example.com', '07125834305', 6, '2000-03-09 23:10:06', '2003-10-21 23:00:33');
INSERT INTO `users` (`id`, `first_name`, `last_name`, `email`, `phone`, `role_id`, `created_at`, `updated_at`) VALUES (47, 'Zachery', 'Roob', 'enoch18@example.com', '+90(5)0957306769', 7, '2000-03-25 23:48:01', '2003-01-27 02:05:00');
INSERT INTO `users` (`id`, `first_name`, `last_name`, `email`, `phone`, `role_id`, `created_at`, `updated_at`) VALUES (48, 'Jared', 'Volkman', 'dallin23@example.net', '1-283-730-1521x67588', 8, '2000-03-27 04:34:08', '2003-04-01 17:34:17');
INSERT INTO `users` (`id`, `first_name`, `last_name`, `email`, `phone`, `role_id`, `created_at`, `updated_at`) VALUES (49, 'Oren', 'Kiehn', 'gwendolyn.kutch@example.net', '740.790.6052x3388', 9, '2000-04-27 17:36:28', '2003-02-07 09:44:12');
INSERT INTO `users` (`id`, `first_name`, `last_name`, `email`, `phone`, `role_id`, `created_at`, `updated_at`) VALUES (50, 'Alycia', 'McCullough', 'sawayn.arielle@example.com', '961.293.3703', 10, '2000-08-09 02:38:13', '2003-01-20 21:25:44');
INSERT INTO `users` (`id`, `first_name`, `last_name`, `email`, `phone`, `role_id`, `created_at`, `updated_at`) VALUES (51, 'Cesar', 'Heathcote', 'mohammad94@example.net', '(956)119-7065x378', 1, '2000-02-11 08:34:51', '2003-12-31 08:39:25');
INSERT INTO `users` (`id`, `first_name`, `last_name`, `email`, `phone`, `role_id`, `created_at`, `updated_at`) VALUES (52, 'Devin', 'Cormier', 'hilll.marquis@example.org', '(406)787-0749x338', 2, '2000-04-16 21:37:16', '2003-11-07 08:58:27');
INSERT INTO `users` (`id`, `first_name`, `last_name`, `email`, `phone`, `role_id`, `created_at`, `updated_at`) VALUES (53, 'Ludie', 'Bednar', 'gbrekke@example.org', '636-225-4325x529', 3, '2000-11-04 00:25:35', '2003-07-09 21:11:43');
INSERT INTO `users` (`id`, `first_name`, `last_name`, `email`, `phone`, `role_id`, `created_at`, `updated_at`) VALUES (54, 'Alaina', 'Ward', 'kimberly.bernhard@example.net', '863-767-2302', 4, '2000-01-14 20:29:42', '2003-07-21 16:19:48');
INSERT INTO `users` (`id`, `first_name`, `last_name`, `email`, `phone`, `role_id`, `created_at`, `updated_at`) VALUES (55, 'Willis', 'Swaniawski', 'bo.davis@example.com', '(279)522-3208x4528', 5, '2000-01-20 00:51:55', '2003-08-17 17:24:05');
INSERT INTO `users` (`id`, `first_name`, `last_name`, `email`, `phone`, `role_id`, `created_at`, `updated_at`) VALUES (56, 'Florida', 'Reinger', 'jyost@example.net', '+79(5)6888093747', 6, '2000-01-14 21:55:10', '2003-02-25 10:18:50');
INSERT INTO `users` (`id`, `first_name`, `last_name`, `email`, `phone`, `role_id`, `created_at`, `updated_at`) VALUES (57, 'Enoch', 'Beahan', 'liliana26@example.org', '1-305-358-0569x44106', 7, '2000-12-05 13:25:41', '2003-04-28 17:11:51');
INSERT INTO `users` (`id`, `first_name`, `last_name`, `email`, `phone`, `role_id`, `created_at`, `updated_at`) VALUES (58, 'Kyleigh', 'Monahan', 'mario01@example.net', '208.921.7388x349', 8, '2000-06-04 22:21:24', '2003-04-10 23:15:20');
INSERT INTO `users` (`id`, `first_name`, `last_name`, `email`, `phone`, `role_id`, `created_at`, `updated_at`) VALUES (59, 'Lucious', 'O\'Keefe', 'clarabelle14@example.com', '055-004-1464x03795', 9, '2000-04-09 06:45:42', '2003-01-26 14:34:38');
INSERT INTO `users` (`id`, `first_name`, `last_name`, `email`, `phone`, `role_id`, `created_at`, `updated_at`) VALUES (60, 'Omari', 'Sipes', 'mitchell.julie@example.net', '(297)785-5480x266', 10, '2000-09-23 15:01:04', '2003-05-02 04:06:38');
INSERT INTO `users` (`id`, `first_name`, `last_name`, `email`, `phone`, `role_id`, `created_at`, `updated_at`) VALUES (61, 'Ella', 'Zemlak', 'conroy.emory@example.net', '614.634.5274x1246', 1, '2000-05-25 12:24:14', '2003-11-03 20:07:42');
INSERT INTO `users` (`id`, `first_name`, `last_name`, `email`, `phone`, `role_id`, `created_at`, `updated_at`) VALUES (62, 'Foster', 'Nolan', 'arvilla.will@example.com', '118.255.4564x428', 2, '2000-06-21 10:31:53', '2003-07-16 06:17:41');
INSERT INTO `users` (`id`, `first_name`, `last_name`, `email`, `phone`, `role_id`, `created_at`, `updated_at`) VALUES (63, 'Isobel', 'Mitchell', 'bennett.kertzmann@example.com', '+30(0)1882788819', 3, '2000-04-06 12:16:02', '2003-07-07 06:08:51');
INSERT INTO `users` (`id`, `first_name`, `last_name`, `email`, `phone`, `role_id`, `created_at`, `updated_at`) VALUES (64, 'Arvel', 'Reynolds', 'korey.harvey@example.com', '+90(7)4692641276', 4, '2000-11-26 15:50:49', '2003-11-11 04:45:50');
INSERT INTO `users` (`id`, `first_name`, `last_name`, `email`, `phone`, `role_id`, `created_at`, `updated_at`) VALUES (65, 'Jennie', 'Klocko', 'qcollins@example.org', '1-616-238-5865x7184', 5, '2000-06-12 22:19:27', '2003-01-23 11:44:46');
INSERT INTO `users` (`id`, `first_name`, `last_name`, `email`, `phone`, `role_id`, `created_at`, `updated_at`) VALUES (66, 'Pedro', 'Bogisich', 'grau@example.org', '(209)715-8502', 6, '2000-11-19 00:21:08', '2003-04-08 10:45:52');
INSERT INTO `users` (`id`, `first_name`, `last_name`, `email`, `phone`, `role_id`, `created_at`, `updated_at`) VALUES (67, 'Cortney', 'O\'Keefe', 'towne.erich@example.org', '(663)554-4462', 7, '2000-12-09 04:41:34', '2003-07-23 14:59:44');
INSERT INTO `users` (`id`, `first_name`, `last_name`, `email`, `phone`, `role_id`, `created_at`, `updated_at`) VALUES (68, 'Freddy', 'Fay', 'hlangosh@example.org', '264.958.4692x8120', 8, '2000-10-14 20:11:53', '2003-03-07 07:45:13');
INSERT INTO `users` (`id`, `first_name`, `last_name`, `email`, `phone`, `role_id`, `created_at`, `updated_at`) VALUES (69, 'Nat', 'Hermann', 'trystan.koepp@example.com', '(068)232-6855', 9, '2000-08-22 20:02:21', '2003-12-15 02:55:30');
INSERT INTO `users` (`id`, `first_name`, `last_name`, `email`, `phone`, `role_id`, `created_at`, `updated_at`) VALUES (70, 'Manley', 'O\'Connell', 'senger.jaylen@example.org', '794.811.4216', 10, '2000-07-02 11:01:23', '2003-05-06 02:34:50');
INSERT INTO `users` (`id`, `first_name`, `last_name`, `email`, `phone`, `role_id`, `created_at`, `updated_at`) VALUES (71, 'Markus', 'McDermott', 'berge.octavia@example.com', '138-003-5096', 1, '2000-12-24 10:44:01', '2003-01-14 09:16:20');
INSERT INTO `users` (`id`, `first_name`, `last_name`, `email`, `phone`, `role_id`, `created_at`, `updated_at`) VALUES (72, 'Antonio', 'Waelchi', 'blaze.kuphal@example.org', '583-722-4561', 2, '2000-04-27 20:49:20', '2003-09-26 09:17:12');
INSERT INTO `users` (`id`, `first_name`, `last_name`, `email`, `phone`, `role_id`, `created_at`, `updated_at`) VALUES (73, 'Assunta', 'Littel', 'fhauck@example.net', '941.648.6030x27235', 3, '2000-06-16 12:36:04', '2003-08-09 08:04:43');
INSERT INTO `users` (`id`, `first_name`, `last_name`, `email`, `phone`, `role_id`, `created_at`, `updated_at`) VALUES (74, 'Melody', 'Becker', 'janae51@example.net', '377.107.5092x510', 4, '2000-08-17 13:52:20', '2003-10-20 04:02:09');
INSERT INTO `users` (`id`, `first_name`, `last_name`, `email`, `phone`, `role_id`, `created_at`, `updated_at`) VALUES (75, 'Trever', 'Schamberger', 'jakubowski.zora@example.org', '(564)854-3934x17276', 5, '2000-04-21 21:49:43', '2003-02-03 00:58:46');
INSERT INTO `users` (`id`, `first_name`, `last_name`, `email`, `phone`, `role_id`, `created_at`, `updated_at`) VALUES (76, 'Lucas', 'Stracke', 'fledner@example.org', '1-089-048-8867', 6, '2000-04-14 17:24:38', '2003-12-11 20:25:01');
INSERT INTO `users` (`id`, `first_name`, `last_name`, `email`, `phone`, `role_id`, `created_at`, `updated_at`) VALUES (77, 'Kiana', 'Jakubowski', 'unique16@example.org', '+96(7)8068211694', 7, '2000-05-07 20:47:55', '2003-11-23 22:12:26');
INSERT INTO `users` (`id`, `first_name`, `last_name`, `email`, `phone`, `role_id`, `created_at`, `updated_at`) VALUES (78, 'Harry', 'Mann', 'qschaden@example.net', '(325)535-6486x09703', 8, '2000-10-25 01:38:03', '2003-02-07 14:18:44');
INSERT INTO `users` (`id`, `first_name`, `last_name`, `email`, `phone`, `role_id`, `created_at`, `updated_at`) VALUES (79, 'Rita', 'Cormier', 'jdaniel@example.org', '816.812.8757', 9, '2000-10-29 14:51:19', '2003-04-21 16:28:47');
INSERT INTO `users` (`id`, `first_name`, `last_name`, `email`, `phone`, `role_id`, `created_at`, `updated_at`) VALUES (80, 'Julia', 'Stroman', 'reva11@example.net', '1-620-832-5973', 10, '2000-12-13 01:30:58', '2003-03-02 08:49:55');
INSERT INTO `users` (`id`, `first_name`, `last_name`, `email`, `phone`, `role_id`, `created_at`, `updated_at`) VALUES (81, 'Marta', 'Greenfelder', 'emoore@example.com', '113.696.7712', 1, '2000-08-19 09:52:21', '2003-04-01 08:15:34');
INSERT INTO `users` (`id`, `first_name`, `last_name`, `email`, `phone`, `role_id`, `created_at`, `updated_at`) VALUES (82, 'Jaeden', 'Stanton', 'beaulah.terry@example.net', '(663)539-7763x50608', 2, '2000-11-27 04:44:55', '2003-03-31 16:49:16');
INSERT INTO `users` (`id`, `first_name`, `last_name`, `email`, `phone`, `role_id`, `created_at`, `updated_at`) VALUES (83, 'Fae', 'Waters', 'hermiston.sandra@example.net', '251-992-9662', 3, '2000-05-23 23:49:53', '2003-08-14 20:35:19');
INSERT INTO `users` (`id`, `first_name`, `last_name`, `email`, `phone`, `role_id`, `created_at`, `updated_at`) VALUES (84, 'Jordane', 'Stanton', 'howe.carmelo@example.org', '694-589-6914', 4, '2000-04-15 06:09:29', '2003-02-27 11:43:30');
INSERT INTO `users` (`id`, `first_name`, `last_name`, `email`, `phone`, `role_id`, `created_at`, `updated_at`) VALUES (85, 'Melissa', 'Windler', 'silas82@example.com', '578.708.8968x191', 5, '2000-06-02 22:55:51', '2003-06-02 14:11:32');
INSERT INTO `users` (`id`, `first_name`, `last_name`, `email`, `phone`, `role_id`, `created_at`, `updated_at`) VALUES (86, 'Norris', 'Block', 'estelle85@example.org', '00079907304', 6, '2000-01-26 17:39:36', '2003-07-01 23:08:43');
INSERT INTO `users` (`id`, `first_name`, `last_name`, `email`, `phone`, `role_id`, `created_at`, `updated_at`) VALUES (87, 'Roberta', 'Cummerata', 'pquitzon@example.net', '(247)506-3200', 7, '2000-02-24 01:27:23', '2003-04-07 05:15:48');
INSERT INTO `users` (`id`, `first_name`, `last_name`, `email`, `phone`, `role_id`, `created_at`, `updated_at`) VALUES (88, 'Yvette', 'Miller', 'lon55@example.net', '1-200-229-4328x943', 8, '2000-04-12 12:45:39', '2003-03-15 04:16:05');
INSERT INTO `users` (`id`, `first_name`, `last_name`, `email`, `phone`, `role_id`, `created_at`, `updated_at`) VALUES (89, 'Tina', 'Rolfson', 'oda78@example.com', '549-641-3930x1645', 9, '2000-09-14 11:54:59', '2003-11-28 15:48:17');
INSERT INTO `users` (`id`, `first_name`, `last_name`, `email`, `phone`, `role_id`, `created_at`, `updated_at`) VALUES (90, 'Jed', 'Little', 'khalil76@example.org', '1-769-340-8855', 10, '2000-03-02 18:54:39', '2003-11-13 16:21:05');
INSERT INTO `users` (`id`, `first_name`, `last_name`, `email`, `phone`, `role_id`, `created_at`, `updated_at`) VALUES (91, 'Evalyn', 'Nolan', 'yswift@example.com', '260.006.6970x1374', 1, '2000-03-23 08:33:49', '2003-09-04 14:28:55');
INSERT INTO `users` (`id`, `first_name`, `last_name`, `email`, `phone`, `role_id`, `created_at`, `updated_at`) VALUES (92, 'Retta', 'Brakus', 'omosciski@example.com', '1-673-984-6916x761', 2, '2000-10-19 03:20:30', '2003-11-12 04:26:28');
INSERT INTO `users` (`id`, `first_name`, `last_name`, `email`, `phone`, `role_id`, `created_at`, `updated_at`) VALUES (93, 'Arvel', 'Sipes', 'marcos10@example.org', '(082)894-5444', 3, '2000-07-03 11:58:59', '2003-06-15 13:42:07');
INSERT INTO `users` (`id`, `first_name`, `last_name`, `email`, `phone`, `role_id`, `created_at`, `updated_at`) VALUES (94, 'Vilma', 'Miller', 'hpagac@example.com', '+38(6)3107964086', 4, '2000-07-28 06:07:28', '2003-11-11 07:45:52');
INSERT INTO `users` (`id`, `first_name`, `last_name`, `email`, `phone`, `role_id`, `created_at`, `updated_at`) VALUES (95, 'Moises', 'Bauch', 'elnora00@example.com', '06430828866', 5, '2000-11-27 11:38:47', '2003-03-03 22:40:27');
INSERT INTO `users` (`id`, `first_name`, `last_name`, `email`, `phone`, `role_id`, `created_at`, `updated_at`) VALUES (96, 'Vivienne', 'Olson', 'uhickle@example.com', '(387)400-4542x4503', 6, '2000-04-29 00:51:00', '2003-01-27 11:06:39');
INSERT INTO `users` (`id`, `first_name`, `last_name`, `email`, `phone`, `role_id`, `created_at`, `updated_at`) VALUES (97, 'Sherman', 'Runte', 'smith.annamae@example.org', '443-864-8815x537', 7, '2000-09-18 21:32:48', '2003-06-23 07:53:25');
INSERT INTO `users` (`id`, `first_name`, `last_name`, `email`, `phone`, `role_id`, `created_at`, `updated_at`) VALUES (98, 'Anabelle', 'Sipes', 'thea81@example.com', '(684)272-9323x631', 8, '2000-11-04 03:34:19', '2003-12-17 11:28:52');
INSERT INTO `users` (`id`, `first_name`, `last_name`, `email`, `phone`, `role_id`, `created_at`, `updated_at`) VALUES (99, 'Jerrold', 'Macejkovic', 'xschmitt@example.org', '853.515.5321', 9, '2000-12-29 14:35:35', '2003-09-11 00:46:58');
INSERT INTO `users` (`id`, `first_name`, `last_name`, `email`, `phone`, `role_id`, `created_at`, `updated_at`) VALUES (100, 'Dariana', 'Bergnaum', 'kchristiansen@example.com', '1-456-827-0148x380', 10, '2000-06-25 14:19:45', '2003-06-20 18:22:57');


